imdb_id;title;plot;type;rated;year;released_at;added_at;runtime mins;genre;director;writer;actors;language;country;awards;nominations.;imdb_rating;imdb_votes;studio;domestic_gross;foreign_gross;Platform
tt0475293;Prom;A group of teenagers get ready for their high school prom.;movie;PG;2011;29 Apr 2011;April 1, 2020;88;Comedy;Joe Nussbaum;Katie Wech;"Aimee Teegarden; Thomas McDonell; DeVaughn Nixon; Danielle Campbell";English;USA;0;1;5,4;14569;BV;$10,130,219;$10,763,183;Disney +
tt0810900;Pocahontas;An English soldier and the daughter of an Algonquin chief share a romance when English colonists invade seventeenth century Virginia.;movie;G;1995;23 Jun 1995;November 12, 2019;120;Animation;Mike Gabriel;"Carl Binder; Susannah Grant; Philip LaZebnik; Glen Keane (story); Joe Grant (story); Ralph Zondag (story); Burny Mattinson (story); Ed Gombert (story); Kaan Kalyon (story); Francis Glebas (story); Rob Gibbs (story); Bruce Morris (story); Todd Kurosawa (story); Duncan Marjoribanks (story); Chris Buck (story); Andrew Chapman (additional story development); Randy Cartwright (additional story development); Will Finn (additional story development); Broose Johnson (additional story development); T. Daniel Hofstedt (additional story development); David Pruiksma (additional story development); Nik Ranieri (additional story development); Vincent DeFrances (additional story development); Tom Mazzocco (additional story development); Don Dougherty (additional story development); Jorgen Klubien (additional story development); Mike Gabriel (based on an idea by)";"Joe Baker; Christian Bale; Irene Bedard; Billy Connolly";English;USA;15;7;6,7;163209;BV;$141,579,773;$347,100,000;Disney +
tt12036052;Pooh's Heffalump Movie;A Heffalump is heard trumpeting in the hundred acre woods. Winnie the Pooh, Tigger, and Piglet are scared and rush to Rabbit's house for advice. Roo joins them and they all agree that ...;movie;G;2005;11 Feb 2005;November 12, 2019;8;Animation;Frank Nissen;"Brian Hohlfeld (screenplay); Evan Spiliotopoulos (screenplay); A.A. Milne (characters)";"Jim Cummings; John Fiedler; Nikita Hopkins; Kath Soucie";English;USA;0;1;6,4;6031;BV;$18,098,433;$55,686,944;Disney +
tt0193187;Pirates of the Caribbean: On Stranger Tides;Jack Sparrow and Barbossa embark on a quest to find the elusive fountain of youth, only to discover that Blackbeard and his daughter are after it too.;movie;PG-13;2011;20 May 2011;May 1, 2020;88;Action;Rob Marshall;"Ted Elliott (screenplay); Terry Rossio (screenplay); Ted Elliott (screen story); Terry Rossio (screen story); Ted Elliott (characters); Terry Rossio (characters); Stuart Beattie (characters); Jay Wolpert (characters); Tim Powers (novel)";"Johnny Depp; PenÃ©lope Cruz; Geoffrey Rush; Ian McShane";Spanish;UK;3;31;6,6;465510;BV;$241,063,875;$1,045,663,875;Disney +
tt1604171;Pinocchio;A living puppet, with the help of a cricket as his conscience, must prove himself worthy to become a real boy.;movie;G;1940;23 Feb 1940;November 12, 2019;150;Animation;Norman Ferguson;"Carlo Collodi (from the story by); Ted Sears (story adaptation); Otto Englander (story adaptation); Webb Smith (story adaptation); William Cottrell (story adaptation); Joseph Sabo (story adaptation); Erdman Penner (story adaptation); Aurelius Battaglia (story adaptation)";"Mel Blanc; Don Brodie; Stuart Buchanan; Walter Catlett";English;USA;2;4;7,4;124261;BV;$3,681,811;$31,681,811;Disney +
tt0089908;Pirates of the Caribbean: The Curse of the Black Pearl;"Blacksmith Will Turner teams up with eccentric pirate ""Captain"" Jack Sparrow to save his love, the governor's daughter, from Jack's former pirate allies, who are now undead.";movie;PG-13;2003;09 Jul 2003;November 12, 2019;78;Action;Gore Verbinski;"Ted Elliott (screen story); Terry Rossio (screen story); Stuart Beattie (screen story); Jay Wolpert (screen story); Ted Elliott (screenplay); Terry Rossio (screenplay)";"Johnny Depp; Geoffrey Rush; Orlando Bloom; Keira Knightley";English;USA;38;103;8;992127;BV;$305,411,224;$634,954,103;Disney +
tt0116583;Spider-Man;The web slinging superhero battles crime in New York City.;series;PG;1981;12 Sep 1981;November 12, 2019;92;Animation;N/A;N/A;"Ted Schwartz; William Woodson; Mona Marshall; Morgan Lofting";English;USA;0;0;7;943;Marvel;$403,706,375;$821,706,375;Disney +
tt1620680;Spider-Man;Peter Parker, a new student at the famous Horizon High, fights evil super-villains as the costumed superhero, Spider-Man.;series;TV-Y7;2017;29 Jul 2017;November 12, 2019;79;Animation;N/A;N/A;"Robbie Daymond; Nadji Jeter; Fred Tatasciore; Laura Bailey";English;USA;0;1;6,1;1440;Marvel;$403,706,375;$821,706,375;Disney +
tt0052948;Peter Pan;Wendy and her brothers are whisked away to the magical world of Neverland with the hero of their stories, Peter Pan.;movie;G;1953;05 Feb 1953;November 12, 2019;80;Animation;Clyde Geronimi;"J.M. Barrie (play); Ted Sears (story); Erdman Penner (story); Bill Peet (story); Winston Hibler (story); Joe Rinaldi (story); Milt Banta (story); Ralph Wright (story); William Cottrell (story)";"Bobby Driscoll; Kathryn Beaumont; Hans Conried; Bill Thompson";American Sign Language;USA;0;2;7,3;120707;BV;$48,417,850;$95,255,485;Disney +
tt0058331;Queen of Katwe;A Ugandan girl sees her world rapidly change after being introduced to the game of chess.;movie;PG;2016;30 Sep 2016;November 12, 2019;115;Biography;Mira Nair;"William Wheeler (screenplay by); Tim Crothers (based on the ESPN Magazine article and book by)";"Madina Nalwanga; David Oyelowo; Lupita Nyong'o; Martin Kabanza";English;USA;2;20;7,4;14265;BV;$8,874,389;$10,055,481;Disney +
tt0034492;High School Musical;A popular high school athlete and an academically gifted girl get roles in the school musical and develop a friendship that threatens East High's social order.;movie;TV-G;2006;20 Jan 2006;November 12, 2019;7;Comedy;Kenny Ortega;Peter Barsocchini;"Zac Efron; Vanessa Hudgens; Ashley Tisdale; Lucas Grabeel";Spanish;USA;10;18;5,4;77328;Fox;$0;$0;Disney +
tt0780521;High School Musical 2;School's out for summer and the East High Wildcats are ready to make it the time of their lives after landing jobs in a wealthy country club owned by Sharpay and Ryan's family.;movie;TV-G;2007;17 Aug 2007;November 12, 2019;84;Comedy;Kenny Ortega;"Peter Barsocchini (based on characters created by); Peter Barsocchini";"Zac Efron; Vanessa Hudgens; Ashley Tisdale; Lucas Grabeel";English;USA;4;9;5;52782;Fox;$0;$0;Disney +
tt0119190;Journey to the Center of the Earth;An Edinburgh professor and assorted colleagues follow an explorer's trail down an extinct Icelandic volcano to the earth's center.;movie;G;1959;01 Dec 1959;November 12, 2019;33;Adventure;Henry Levin;"Walter Reisch (screenplay); Charles Brackett (screenplay); Jules Verne (novel)";"Pat Boone; James Mason; Arlene Dahl; Diane Baker";Swedish;USA;1;5;7;15008;Fox;$101,704,370;$243,180,937;Disney +
tt0070608;Ice Age;Set during the Ice Age, a sabertooth tiger, a sloth, and a wooly mammoth find a lost human infant, and they try to return him to his tribe.;movie;PG;2002;15 Mar 2002;March 1, 2020;95;Animation;Chris Wedge;"Michael J. Wilson (story by); Michael Berg (screenplay by); Michael J. Wilson (screenplay by); Peter Ackerman (screenplay by); James Bresnahan (additional story); Doug Compton (additional story); Jeff Siergey (additional story); Mike Thurmeier (additional story); Galen T. Chu (additional story); Xeth Feinberg (additional story)";"Ray Romano; John Leguizamo; Denis Leary; Goran Visnjic";English;USA;5;30;7,5;421204;Fox;$176,387,405;$386,116,343;Disney +
tt0247638;Ice Princess;With the help of her coach, her mom, and the boy who drives the Zamboni machine, nothing can stop Casey (Trachtenberg) from realizing her dream to be a champion figure skater.;movie;G;2005;18 Mar 2005;November 12, 2019;68;Comedy;Tim Fywell;"Meg Cabot (story); Hadley Davis (story); Hadley Davis (screenplay)";"Michelle Trachtenberg; Joan Cusack; Amy Stewart; Steve Ross";English;Canada;0;0;6;23891;Fox;$24,381,334;$25,732,334;Disney +
tt0960731;Iron Man 2;With the world now aware of his identity as Iron Man, Tony Stark must contend with both his declining health and a vengeful mad man with ties to his father's legacy.;movie;PG-13;2010;07 May 2010;November 12, 2019;107;Action;Jon Favreau;"Justin Theroux (screenplay); Stan Lee (Marvel comic book); Don Heck (Marvel comic book); Larry Lieber (Marvel comic book); Jack Kirby (Marvel comic book)";"Robert Downey Jr.; Gwyneth Paltrow; Don Cheadle; Scarlett Johansson";French;USA;7;44;7;693517;Marvel;$312,433,331;$621,156,389;Disney +
tt0076054;Iron Man;After being held captive in an Afghan cave, billionaire engineer Tony Stark creates a unique weaponized suit of armor to fight evil.;movie;PG-13;2008;02 May 2008;November 12, 2019;90;Action;Jon Favreau;"Mark Fergus (screenplay); Hawk Ostby (screenplay); Art Marcum (screenplay); Matt Holloway (screenplay); Stan Lee (characters); Don Heck (characters); Larry Lieber (characters); Jack Kirby (characters)";"Robert Downey Jr.; Terrence Howard; Jeff Bridges; Gwyneth Paltrow";Kurdish;USA;21;67;7,9;910300;Marvel;$318,604,126;$585,171,547;Disney +
tt0322330;Iron Man;Industrialist Tony Stark leads his private team of superheros as Iron Man against the forces of evil.;series;TV-Y7;1994;24 Sep 1994;November 12, 2019;96;Animation;N/A;"Stan Lee; Larry Lieber";"Robert Hays; John Reilly; Jim Cummings; Dorian Harewood";English;USA;0;0;6,7;2638;Marvel;$318,604,126;$585,171,547;Disney +
tt7631348;Star Wars: The Clone Wars;After the Republic's victory on Christophsis, Anakin and his new apprentice Ahsoka Tano must rescue the kidnapped son of Jabba the Hutt. Political intrigue complicates their mission.;movie;PG;2008;15 Aug 2008;November 12, 2019;9;Animation;Dave Filoni;"Henry Gilroy; Steven Melching; Scott Murphy";"Matt Lanter; Ashley Eckstein; James Arnold Taylor; Dee Bradley Baker";English;USA;0;2;5,9;53973;Fox;$35,161,554;$68,695,443;Disney +
tt0240462;Star Wars: The Clone Wars;Jedi Knights lead the Grand Army of the Republic against the droid army of the Separatists.;series;TV-PG;2008;03 Oct 2008;November 12, 2019;102;Animation;N/A;George Lucas;"Tom Kane; Dee Bradley Baker; Matt Lanter; James Arnold Taylor";English;USA;23;68;8,1;47308;Fox;$35,161,554;$68,695,443;Disney +
tt3861390;Inside Out;After young Riley is uprooted from her Midwest life and moved to San Francisco, her emotions - Joy, Fear, Anger, Disgust and Sadness - conflict on how best to navigate a new city, house, and school.;movie;PG;2015;19 Jun 2015;November 12, 2019;68;Animation;Pete Docter;"Pete Docter (original story by); Ronnie Del Carmen (original story by); Pete Docter (screenplay by); Meg LeFauve (screenplay by); Josh Cooley (screenplay by); Michael Arndt (additional story material by); Simon Rich (additional story material by); Bill Hader (additional dialogue by); Amy Poehler (additional dialogue by)";"Amy Poehler; Phyllis Smith; Richard Kind; Bill Hader";English;USA;98;114;8,2;577209;Fox;$356,461,711;$854,235,992;Disney +
tt0397892;Hocus Pocus;A curious youngster moves to Salem, where he struggles to fit in before awakening a trio of diabolical witches that were executed in the 17th century.;movie;PG;1993;16 Jul 1993;November 12, 2019;85;Comedy;Kenny Ortega;"David Kirschner (story); Mick Garris (story); Mick Garris (screenplay); Neil Cuthbert (screenplay)";"Bette Midler; Sarah Jessica Parker; Kathy Najimy; Omri Katz";French;USA;2;11;6,9;89713;Fox;$39,360,491;$39,360,491;Disney +
tt0210945;Iron Man 3;When Tony Stark's world is torn apart by a formidable terrorist called the Mandarin, he starts an odyssey of rebuilding and retribution.;movie;PG-13;2013;03 May 2013;November 12, 2019;85;Action;Shane Black;"Drew Pearce (screenplay by); Shane Black (screenplay by); Stan Lee (based on the Marvel comic book by); Don Heck (based on the Marvel comic book by); Larry Lieber (based on the Marvel comic book by); Jack Kirby (based on the Marvel comic book by); Warren Ellis (based on the ""Extremis"" mini-series written by); Adi Granov (based on the ""Extremis"" mini-series illustrated by)";"Robert Downey Jr.; Gwyneth Paltrow; Don Cheadle; Guy Pearce";English;USA;20;63;7,2;730917;Marvel;$408,992,272;$1,215,392,272;Disney +
tt0436339;Home on the Range;To save their farm, the resident animals go bounty hunting for a notorious outlaw.;movie;PG;2004;02 Apr 2004;November 12, 2019;9;Animation;Will Finn;"Will Finn; John Sanford; Will Finn (story); John Sanford (story); Michael LaBash (story); Sam Levine (story); Mark Kennedy (story); Robert Lence (story); Keith Baxter (additional story); Mike Kunkel (additional story); Jason Lethcoe (additional story); Donnie Long (additional story); Shirley Pierce; Brian Pimental (additional story); David Moses Pimentel (additional story); Ralph Zondag (additional story); Davy Liu (additional story)";"G.W. Bailey; Roseanne Barr; Bobby Block; Steve Buscemi";Mandarin;USA;0;5;5,3;19123;Fox;$50,026,353;$76,482,461;Disney +
tt0120762;Invincible;Based on the story of Vince Papale, a 30-year-old bartender from South Philadelphia who overcame long odds to play for the NFL's Philadelphia Eagles in 1976.;movie;PG;2006;25 Aug 2006;November 12, 2019;90;Biography;Ericson Core;Brad Gann;"Mark Wahlberg; Greg Kinnear; Elizabeth Banks; Kevin Conway";English;USA;0;2;7,1;63682;Fox;$57,806,952;$58,501,127;Disney +
tt1979388;Jack;Because of an unusual disorder that has aged him four times faster than a typical human being, a boy looks like a 40-year-old man as he starts fifth grade at public school after being homeschooled.;movie;PG-13;1996;09 Aug 1996;November 12, 2019;92;Comedy;Francis Ford Coppola;"James DeMonaco; Gary Nadeau";"Robin Williams; Diane Lane; Brian Kerwin; Jennifer Lopez";Spanish;USA;0;6;5,8;54474;Fox;$58,617,334;$58,617,334;Disney +
tt0115215;Splash;A young man is reunited with a mermaid who saved him from drowning as a boy. He falls in love with her, not knowing who or what she is.;movie;PG;1984;09 Mar 1984;February 14, 2020;77;Comedy;Ron Howard;"Brian Grazer (based on a story by); Bruce Jay Friedman (screen story by); Lowell Ganz (screenplay by); Babaloo Mandel (screenplay by); Bruce Jay Friedman (screenplay by)";"Tom Hanks; Daryl Hannah; Eugene Levy; John Candy";Swedish;USA;3;8;6,2;65908;Fox;$62,599,495;$62,599,495;Disney +
tt0371606;Holes;A wrongfully convicted boy is sent to a brutal desert detention camp where he joins the job of digging holes for some mysterious reason.;movie;PG;2003;18 Apr 2003;January 1, 2020;68;Adventure;Andrew Davis;"Louis Sachar (novel); Louis Sachar (screenplay)";"Sigourney Weaver; Jon Voight; Tim Blake Nelson; Shia LaBeouf";English;USA;3;9;7;74143;Fox;$67,383,924;$71,232,214;Disney +
tt0130623;Hercules;The son of Zeus and Hera is stripped of his immortality as an infant and must become a true hero in order to reclaim it.;movie;G;1997;20 Jun 1997;November 12, 2019;73;Animation;Ron Clements;"Ron Clements (animation screenplay by); John Musker (animation screenplay by); Don McEnery (animation screenplay by); Bob Shaw (animation screenplay by); Irene Mecchi (animation screenplay by); Kaan Kalyon (story); Kelly Wightman (story); Randy Cartwright (story); John Ramirez (story); Jeff Snow (story); Vance Gerry (story); Kirk Hanson (story); Tamara Lusher (story); Francis Glebas (story); Mark Kennedy (story); Bruce Morris (story); Don Dougherty (story); Thom Enriquez (story)";"Tate Donovan; Josh Keaton; Roger Bart; Danny DeVito";Spanish;France;9;16;7,3;195894;Fox;$72,688,614;$243,388,614;Disney +
tt0349205;Hercules;This spin-off of Disney's Hercules (1997) follows Hercules' many labors during the years he spent training how to be a hero under the tutelage of satyr Philoctetes. Olympian Gods and Goddesses, as well as Hades and Pegasus, often visit him.;series;TV-Y;1998;31 Aug 1998;November 12, 2019;104;Animation;N/A;N/A;"Tate Donovan; French Stewart; Sandra Bernhard; Robert Costanzo";English;USA;2;4;6,6;9244;Fox;$72,688,614;$243,388,614;Disney +
tt0304669;John Carter;Transported to Barsoom, a Civil War vet discovers a barren planet seemingly inhabited by 12-foot tall barbarians. Finding himself prisoner of these creatures, he escapes, only to encounter Woola and a princess in desperate need of a savior.;movie;PG-13;2012;09 Mar 2012;May 2, 2020;99;Action;Andrew Stanton;"Andrew Stanton (screenplay by); Mark Andrews (screenplay by); Michael Chabon (screenplay by); Edgar Rice Burroughs (based on the story ""A Princess of Mars"" by)";"Taylor Kitsch; Lynn Collins; Samantha Morton; Willem Dafoe";English;USA;2;8;6,6;248903;Fox;$73,058,679;$282,778,100;Disney +
tt0114148;Inspector Gadget;A security guard's dreams come true when he is selected to be transformed into a cybernetic police officer.;movie;PG;1999;23 Jul 1999;November 12, 2019;4;Action;David Kellogg;"Andy Heyward (characters); Jean Chalopin (characters); Bruno Bianchi (characters); Dana Olsen (story); Kerry Ehrin (story); Kerry Ehrin (screenplay); Zak Penn (screenplay)";"Matthew Broderick; Rupert Everett; Joely Fisher; Michelle Trachtenberg";Norwegian;USA;1;13;4,1;43808;Fox;$97,387,965;$97,387,965;Disney +
tt0499448;The Santa Clause 2;Scott Calvin has been a humble Santa Claus for nearly ten years, but it might come to an end if he doesn't find a Mrs. Claus.;movie;G;2002;01 Nov 2002;November 12, 2019;104;Comedy;Michael Lembeck;"Don Rhymer (screenplay); Cinco Paul (screenplay); Ken Daurio (screenplay); Ed Decter (screenplay); John J. Strauss (screenplay); Leo Benvenuti (characters); Steve Rudnick (characters); Leo Benvenuti (story); Steve Rudnick (story)";"Tim Allen; Elizabeth Mitchell; David Krumholtz; Eric Lloyd";English;Canada;1;3;5,6;47866;Grav.;$139,225,854;$172,825,854;Disney +
tt0118998;The Santa Clause;When a man inadvertently makes Santa fall off of his roof on Christmas Eve, he finds himself magically recruited to take his place.;movie;PG;1994;11 Nov 1994;November 12, 2019;97;Comedy;John Pasquin;"Leo Benvenuti; Steve Rudnick";"Tim Allen; Judge Reinhold; Wendy Crewson; Eric Lloyd";Spanish;Canada;2;8;6,5;91389;Grav.;$144,833,357;$189,800,000;Disney +
tt0111070;The Sound of Music;A woman leaves an Austrian convent to become a governess to the children of a Naval officer widower.;movie;G;1965;01 Apr 1965;November 12, 2019;172;Biography;Robert Wise;"George Hurdalek (with the partial use of ideas by); Howard Lindsay (from the stage musical book by); Russel Crouse (from the stage musical book by); Ernest Lehman (screenplay)";"Julie Andrews; Christopher Plummer; Eleanor Parker; Richard Haydn";German;USA;17;13;8;194154;Grav.;$163,214,286;$286,214,286;Disney +
tt0275847;TRON: Legacy;The son of a virtual world designer goes looking for his father and ends up inside the digital world that his father designed. He meets his father's corrupted creation and a unique ally who was born inside the digital world.;movie;PG;2010;17 Dec 2010;November 12, 2019;125;Action;Joseph Kosinski;"Edward Kitsis (screenplay); Adam Horowitz (screenplay); Edward Kitsis (story); Adam Horowitz (story); Brian Klugman (story); Lee Sternthal (story); Steven Lisberger (characters); Bonnie MacBird (characters)";"Jeff Bridges; Garrett Hedlund; Olivia Wilde; Bruce Boxleitner";English;USA;10;50;6,8;306175;Grav.;$172,062,763;$400,062,763;Disney +
tt0388980;Thor;The powerful but arrogant god Thor is cast out of Asgard to live amongst humans in Midgard (Earth), where he soon becomes one of their finest defenders.;movie;PG-13;2011;06 May 2011;November 12, 2019;115;Action;Kenneth Branagh;"Ashley Miller (screenplay); Zack Stentz (screenplay); Don Payne (screenplay); J. Michael Straczynski (story); Mark Protosevich (story); Stan Lee (comic book); Larry Lieber (comic book); Jack Kirby (comic book)";"Chris Hemsworth; Natalie Portman; Tom Hiddleston; Anthony Hopkins";English;USA;5;30;7;717145;Marvel;$181,030,624;$449,326,618;Disney +
tt3606752;The Simpsons Movie;After Homer deliberately pollutes the town's water supply, Springfield is encased in a gigantic dome by the EPA and the family are declared fugitives.;movie;PG-13;2007;27 Jul 2007;November 12, 2019;87;Animation;David Silverman;"James L. Brooks (screenplay); Matt Groening (screenplay); Al Jean (screenplay); Ian Maxtone-Graham (screenplay); George Meyer (screenplay); David Mirkin (screenplay); Mike Reiss (screenplay); Mike Scully (screenplay); Matt Selman (screenplay); John Swartzwelder (screenplay); Jon Vitti (screenplay); Joel H. Cohen (consultant writer); John Frink (consultant writer); Tim Long (consultant writer); Michael Price (consultant writer)";"Dan Castellaneta; Julie Kavner; Nancy Cartwright; Yeardley Smith";English;USA;5;34;7,3;302244;Grav.;$183,135,014;$527,071,022;Disney +
tt0276033;Wreck-It Ralph;A video game villain wants to be a hero and sets out to fulfill his dream, but his quest brings havoc to the whole arcade where he lives.;movie;PG;2012;02 Nov 2012;November 12, 2019;101;Animation;Rich Moore;"Rich Moore (story by); Phil Johnston (story by); Jim Reardon (story by); Phil Johnston (screenplay by); Jennifer Lee (screenplay by)";"John C. Reilly; Sarah Silverman; Jack McBrayer; Jane Lynch";English;USA;33;42;7,7;365043;Grav.;$189,412,677;$496,511,521;Disney +
tt0120623;Tuck Everlasting;A young woman meets and falls in love with a young man who is part of a family of immortals.;movie;PG;2002;11 Oct 2002;November 12, 2019;90;Drama;Jay Russell;"Natalie Babbitt (novel); Jeffrey Lieber (screenplay); James V. Hart (screenplay)";"Alexis Bledel; William Hurt; Sissy Spacek; Jonathan Jackson";French;USA;1;3;6,6;20533;Grav.;$19,161,999;$19,344,615;Disney +
tt0059742;Valiant;At the height of World War II, a tiny wood pigeon enlists in the elite Royal Homing Pigeon Service to serve Britain, as the fearsome General Von Talon (Tim Curry) and his deadly squadron of falcons patrol the English Channel. Is he a war-hero in the making?;movie;G;2005;19 Aug 2005;November 12, 2019;76;Animation;Gary Chapman;"George Webster (story); Jordan Katz (screenplay); George Webster (screenplay); George Melrod (screenplay)";"Ewan McGregor; Ricky Gervais; Tim Curry; Jim Broadbent";English;USA;0;2;5,5;20118;Grav.;$19,478,106;$64,188,387;Disney +
tt1104001;Toy Story;A cowboy doll is profoundly threatened and jealous when a new spaceman figure supplants him as top toy in a boy's room.;movie;G;1995;22 Nov 1995;November 12, 2019;81;Animation;John Lasseter;"John Lasseter (original story by); Pete Docter (original story by); Andrew Stanton (original story by); Joe Ranft (original story by); Joss Whedon (screenplay by); Andrew Stanton (screenplay by); Joel Cohen (screenplay by); Alec Sokolow (screenplay by)";"Tom Hanks; Tim Allen; Don Rickles; Jim Varney";English;USA;27;23;8,3;846332;Grav.;$191,796,233;$364,545,516;Disney +
tt0368891;The Three Musketeers;France, 1625: Young d'Artagnan heads to Paris to join the Musketeers but the evil cardinal has disbanded them - save 3. He meets the 3, Athos, Porthos and Aramis, and joins them on their quest to save the king and country.;movie;PG;1993;12 Nov 1993;November 12, 2019;105;Action;Stephen Herek;"Alexandre Dumas (novel); David Loughery (screenplay)";"Charlie Sheen; Kiefer Sutherland; Chris O'Donnell; Oliver Platt";English;UK;2;3;6,4;48683;Grav.;$20,377,913;$139,877,913;Disney +
tt0268380;Thor: The Dark World;When the Dark Elves attempt to plunge the universe into darkness, Thor must embark on a perilous and personal journey that will reunite him with doctor Jane Foster.;movie;PG-13;2013;08 Nov 2013;November 12, 2019;112;Action;Alan Taylor;"Christopher L. Yost (screenplay by); Christopher Markus (screenplay by); Stephen McFeely (screenplay by); Don Payne (story by); Robert Rodat (story by); Stan Lee (based on the Marvel comics by); Larry Lieber (based on the Marvel comics by); Jack Kirby (based on the Marvel comics by); Walter Simonson (character created by: Malekith)";"Chris Hemsworth; Natalie Portman; Tom Hiddleston; Anthony Hopkins";English;USA;3;21;6,9;571192;Marvel;$206,362,140;$644,602,516;Disney +
tt0458339;Toy Story 2;When Woody is stolen by a toy collector, Buzz and his friends set out on a rescue mission to save Woody before he becomes a museum toy property with his roundup gang Jessie, Prospector, and Bullseye.;movie;G;1999;24 Nov 1999;November 12, 2019;92;Animation;John Lasseter;"John Lasseter (original story by); Pete Docter (original story by); Ash Brannon (original story by); Andrew Stanton (original story by); Andrew Stanton (screenplay by); Rita Hsiao (screenplay by); Doug Chamberlin (screenplay by); Chris Webb (screenplay by)";"Tom Hanks; Tim Allen; Joan Cusack; Kelsey Grammer";Arabic;USA;22;26;7,9;504561;Grav.;$245,852,179;$511,358,276;Disney +
tt0407121;Winnie the Pooh;While searching for honey, Pooh and his friends embark on an adventure to find Eeyore's missing tail and rescue Christopher Robin from an unknown monster called The Backson.;movie;G;2011;15 Jul 2011;November 12, 2019;63;Animation;Stephen J. Anderson;"Stephen J. Anderson (story by); Clio Chiang (story by); Don Dougherty (story by); Don Hall (story by); Kendelle Hoyer (story by); Brian Kesinger (story by); Nicole Mitchell (story by); Jeremy Spears (story by); A.A. Milne (based upon the works of); Ernest Shepard (based upon the works of)";"John Cleese; Jim Cummings; Bud Luckey; Craig Ferguson";English;USA;2;25;7,2;20673;Grav.;$26,692,846;$50,145,607;Disney +
tt7249258;TRON;A computer hacker is abducted into the digital world and forced to participate in gladiatorial games where his only chance of escape is with the help of a heroic security program.;movie;PG;1982;09 Jul 1982;November 12, 2019;96;Action;Steven Lisberger;"Steven Lisberger (screenplay); Steven Lisberger (story); Bonnie MacBird (story)";"Jeff Bridges; Bruce Boxleitner; David Warner; Cindy Morgan";English;USA;2;8;6,8;110110;Grav.;$26,918,576;$26,918,576;Disney +
tt0478970;Up;78-year-old Carl Fredricksen travels to Paradise Falls in his house equipped with balloons, inadvertently taking a young stowaway.;movie;PG;2009;29 May 2009;November 12, 2019;96;Animation;Pete Docter;"Pete Docter (story by); Bob Peterson (story by); Tom McCarthy (story by); Bob Peterson (screenplay by); Pete Docter (screenplay by)";"Edward Asner; Christopher Plummer; Jordan Nagai; Bob Peterson";English;USA;80;82;8,2;895906;Grav.;$293,004,164;$731,463,377;Disney +
tt0800369;Thor: Ragnarok;Imprisoned on the planet Sakaar, Thor must race against time to return to Asgard and stop RagnarÃ¶k, the destruction of his world, at the hands of the powerful and ruthless villain Hela.;movie;PG-13;2017;03 Nov 2017;December 5, 2019;130;Action;Taika Waititi;"Eric Pearson; Craig Kyle; Christopher L. Yost; Stan Lee (based on the Marvel comics by); Larry Lieber (based on the Marvel comics by); Jack Kirby (based on the Marvel comics by)";"Chris Hemsworth; Tom Hiddleston; Cate Blanchett; Idris Elba";English;USA;6;48;7,9;542938;Marvel;$315,058,289;$846,980,024;Disney +
tt0462538;White Fang;Jack London's classic adventure story about the friendship developed between a Yukon gold hunter and the mixed dog-wolf he rescues from the hands of a man who mistreats him.;movie;PG;1991;18 Jan 1991;November 12, 2019;107;Adventure;Randal Kleiser;"Jack London (novel); Jeanne Rosenberg (screenplay); Nick Thiel (screenplay); David Fallon (screenplay)";"Jed; Klaus Maria Brandauer; Ethan Hawke; Seymour Cassel";English;USA;1;0;6,7;18897;Grav.;$34,729,091;$34,729,091;Disney +
tt0029583;Zootopia;In a city of anthropomorphic animals, a rookie bunny cop and a cynical con artist fox must work together to uncover a conspiracy.;movie;PG;2016;04 Mar 2016;November 12, 2019;108;Animation;Byron Howard;"Byron Howard (story by); Rich Moore (story by); Jared Bush (story by); Jim Reardon (story by); Josie Trinidad (story by); Phil Johnston (story by); Jennifer Lee (story by); Jared Bush (screenplay by); Phil Johnston (screenplay by)";"Ginnifer Goodwin; Jason Bateman; Idris Elba; Jenny Slate";English;USA;47;71;8;410437;Grav.;$341,268,248;$1,019,429,616;Disney +
tt1772341;The Wild;An adolescent lion is accidentally shipped from the New York Zoo to Africa. Now running free, his zoo pals must put aside their differences to help bring him back.;movie;G;2006;14 Apr 2006;November 12, 2019;82;Animation;Steve 'Spaz' Williams;"Ed Decter (screenplay); John J. Strauss (screenplay); Mark Gibson (screenplay); Philip Halprin (screenplay); Mark Gibson (story); Philip Halprin (story); Bill Wolkoff (additional story material); David Collard (additional story material); Matt Lopez (additional story material); Lloyd Taylor (additional story material); Steve 'Spaz' Williams (additional story material); Ed Driscoll (punch-up writer)";"Kiefer Sutherland; Jim Belushi; Eddie Izzard; Janeane Garofalo";English;USA;0;2;5,3;23206;Grav.;$37,384,046;$99,010,667;Disney +
tt0283084;Treasure Planet;"A Disney animated version of ""Treasure Island"". The only difference is that this movie is set in outer space with alien worlds and other galactic wonders.";movie;PG;2002;27 Nov 2002;November 12, 2019;95;Animation;Ron Clements;"Robert Louis Stevenson (based on the novel ""Treasure Island"" by); Ron Clements (screenplay by); John Musker (screenplay by); Rob Edwards (screenplay by); Ron Clements (animation story by); John Musker (animation story by); Ted Elliott (animation story by); Terry Rossio (animation story by)";"Roscoe Lee Browne; Corey Burton; Dane A. Davis; Joseph Gordon-Levitt";English;USA;1;14;7,2;96646;Grav.;$38,120,554;$91,800,000;Disney +
tt0187819;Toy Story 3;The toys are mistakenly delivered to a day-care center instead of the attic right before Andy leaves for college, and it's up to Woody to convince the other toys that they weren't abandoned and to return home.;movie;G;2010;18 Jun 2010;November 12, 2019;103;Animation;Lee Unkrich;"John Lasseter (story by); Andrew Stanton (story by); Lee Unkrich (story by); Michael Arndt (screenplay by)";"Tom Hanks; Tim Allen; Joan Cusack; Ned Beatty";Spanish;USA;62;95;8,3;729086;Grav.;$415,004,880;$1,068,879,522;Disney +
tt0361089;The Replacements;Two orphans are given access to a super foster agency that enables them to replace people in their life with aces and superhumans.;series;TV-Y;2006;28 Jul 2006;November 12, 2019;22;Animation;N/A;Dan Santat;"Nancy Cartwright; Grey Griffin; Jeff Bennett; Kath Soucie";English;USA;0;1;5,8;2409;Grav.;$44,737,059;$50,054,511;Disney +
tt1216475;The Tigger Movie;Tigger goes looking through the hundred-acre-wood to find his family.;movie;G;2000;11 Feb 2000;November 12, 2019;77;Animation;Jun Falkenstein;"Eddie Guzelian (story); Jun Falkenstein (screenplay); A.A. Milne (characters)";"Jim Cummings; Nikita Hopkins; Ken Sansom; John Fiedler";English;Japan;4;0;6,3;16402;Grav.;$45,542,421;$96,147,688;Disney +
tt0114709;The Straight Story;An old man makes a long journey by lawnmower to mend his relationship with an ill brother.;movie;G;1999;03 Nov 1999;April 3, 2020;112;Biography;David Lynch;"John Roach; Mary Sweeney";"Sissy Spacek; Jane Galloway Heitz; Joseph A. Carpenter; Donald Wiegert";English;UK;19;40;8;77452;Grav.;$6,197,866;$6,197,866;Disney +
tt0108333;The Shaggy Dog;A teenage boy is cursed with periodically turning into an sheepdog.;movie;G;1959;19 Mar 1959;November 12, 2019;104;Family;Charles Barton;"Bill Walsh (screenplay); Lillie Hayward (screenplay); Felix Salten (novel)";"Fred MacMurray; Jean Hagen; Tommy Kirk; Annette Funicello";English;USA;1;1;6,5;4080;Grav.;$61,123,569;$87,123,569;Disney +
tt0398286;The Rookie;A Texas baseball coach makes the major league after agreeing to try out if his high school team made the playoffs.;movie;G;2002;29 Mar 2002;November 12, 2019;127;Drama;John Lee Hancock;Mike Rich;"Dennis Quaid; Rachel Griffiths; Jay Hernandez; Beth Grant";English;USA;5;4;6,9;31236;Grav.;$75,600,072;$80,491,516;Disney +
tt0042332;Mary Poppins;In turn of the century London, a magical nanny employs music and adventure to help two neglected children become closer to their father.;movie;G;1964;18 Jun 1965;November 12, 2019;144;Comedy;Robert Stevenson;"Bill Walsh (screenplay); Don DaGradi (screenplay); P.L. Travers (based on: The ""Mary Poppins"" books by)";"Julie Andrews; Dick Van Dyke; David Tomlinson; Glynis Johns";English;USA;20;17;7,8;151417;Osci.;$102,272,145;$102,272,145;Disney +
tt1981115;The Princess and the Frog;A waitress, desperate to fulfill her dreams as a restaurant owner, is set on a journey to turn a frog prince back into a human being, but she has to face the same problem after she kisses him.;movie;G;2009;11 Dec 2009;November 12, 2019;97;Animation;Ron Clements;"Ron Clements (story by); John Musker (story by); Greg Erb (story by); Jason Oremland (story by); Ron Clements (screenplay by); John Musker (screenplay by); Rob Edwards (screenplay by); E.D. Baker (story inspired in part by ""The Frog Princess"" by)";"Anika Noni Rose; Bruno Campos; Keith David; Michael-Leon Wooley";French;USA;11;41;7,1;117082;Osci.;$104,400,899;$270,997,378;Disney +
tt0382932;The Princess Diaries;Mia Thermopolis has just found out that she is the heir apparent to the throne of Genovia. With her friends Lilly and Michael Moscovitz in tow, she tries to navigate through the rest of her sixteenth year.;movie;G;2001;03 Aug 2001;November 12, 2019;111;Comedy;Garry Marshall;"Meg Cabot (novel); Gina Wendkos (screenplay)";"Julie Andrews; Anne Hathaway; Hector Elizondo; Heather Matarazzo";Dutch;UK;3;1;6,3;123037;Osci.;$108,244,774;$165,334,774;Disney +
tt2380307;Mulan;To save her father from death in the army, a young maiden secretly goes in his place and becomes one of China's greatest heroines in the process.;movie;G;1998;19 Jun 1998;November 12, 2019;138;Animation;Tony Bancroft;"Robert D. San Souci (based on a story by); Rita Hsiao (screenplay by); Chris Sanders (screenplay by); Philip LaZebnik (screenplay by); Raymond Singer (screenplay by); Eugenia Bostwick-Singer (screenplay by); Dean DeBlois (story co-head); John Sanford (story); Chris Williams (story); Tim Hodge (story); Julius Aguimatang (story); Burny Mattinson (story); Lorna Cook (story); Barry Johnson (story); Thom Enriquez (story); Ed Gombert (story); Joe Grant (story); Floyd Norman (story); Linda Woolverton (additional story material); Jodi Ann Johnson (additional story material); Alan Ormsby (additional story material); David Reynolds (additional story material); Don Dougherty (additional story material); Jorgen Klubien (additional story material); Denis Rich (additional story material); Joe Ekers (additional story material); Theodore Newton (additional story material); Larry Scholl (additional story material); Daan Jippes (additional story material); Frank Nissen (additional story material); Jeff Snow (additional story material)";"Miguel Ferrer; Harvey Fierstein; Freda Foh Shen; June Foray";Mandarin;USA;18;20;7,6;237755;Osci.;$120,620,254;$303,500,000;Disney +
tt1305591;Lilo & Stitch;A Hawaiian girl adopts an unusual pet who is actually a notorious extra-terrestrial fugitive.;movie;PG;2002;21 Jun 2002;November 12, 2019;72;Animation;Dean DeBlois;"Chris Sanders (based on an idea by); Chris Sanders; Dean DeBlois";"Daveigh Chase; Chris Sanders; Tia Carrere; David Ogden Stiers";Hawaiian;USA;10;27;7,2;160264;Osci.;$145,771,527;$245,800,000;Disney +
tt2245084;Mars Needs Moms;A young boy named Milo gains a deeper appreciation for his mom after Martians come to Earth to take her away.;movie;PG;2011;11 Mar 2011;April 1, 2020;96;Animation;Simon Wells;"Simon Wells (screenplay); Wendy Wells (screenplay); Berkeley Breathed (book)";"Seth Green; Dan Fogler; Joan Cusack; Elisabeth Harnois";English;USA;0;2;5,4;20441;Osci.;$21,392,758;$39,549,758;Disney +
tt1211837;Moana;In Ancient Polynesia, when a terrible curse incurred by the Demigod Maui reaches Moana's island, she answers the Ocean's call to seek out the Demigod to set things right.;movie;PG;2016;23 Nov 2016;November 12, 2019;93;Animation;Ron Clements;"Jared Bush (screenplay by); Ron Clements (story by); John Musker (story by); Chris Williams (story by); Don Hall (story by); Pamela Ribon (story by); Aaron Kandell (story by); Jordan Kandell (story by)";"Auli'i Cravalho; Dwayne Johnson; Rachel House; Temuera Morrison";English;USA;20;88;7,6;250176;Osci.;$248,757,044;$637,517,365;Disney +
tt1217209;Monsters University;"A look at the relationship between Mike Wazowski (Billy Crystal) and James P. ""Sully"" Sullivan (John Goodman) during their days at Monsters University, when they weren't necessarily the best of friends.";movie;G;2013;21 Jun 2013;November 12, 2019;111;Animation;Dan Scanlon;"Dan Scanlon (story by); Daniel Gerson (story by); Robert L. Baird (story by); Daniel Gerson (screenplay by); Robert L. Baird (screenplay by); Dan Scanlon (screenplay by)";"Billy Crystal; John Goodman; Steve Buscemi; Helen Mirren";English;USA;9;58;7,3;308588;Osci.;$268,488,329;$743,588,329;Disney +
tt0327437;The Muppet Christmas Carol;The Muppet characters tell their version of the classic tale of an old and bitter miser's redemption on Christmas Eve.;movie;G;1992;11 Dec 1992;November 12, 2019;85;Comedy;Brian Henson;"Charles Dickens (novel); Jerry Juhl (screenplay)";"Michael Caine; Dave Goelz; The Great Gonzo; Steve Whitmire";English;UK;2;1;7,7;45861;Osci.;$27,281,507;$27,492,918;Disney +
tt0106223;Monsters, Inc.;In order to power the city, monsters have to scare children so that they scream. However, the children are toxic to the monsters, and after a child gets through, 2 monsters realize things may not be what they think.;movie;G;2001;02 Nov 2001;November 12, 2019;136;Animation;Pete Docter;"Pete Docter (original story by); Jill Culton (original story by); Jeff Pidgeon (original story by); Ralph Eggleston (original story by); Andrew Stanton (screenplay by); Daniel Gerson (screenplay by)";"John Goodman; Billy Crystal; Mary Gibbs; Steve Buscemi";English;USA;24;38;8;779728;Osci.;$289,423,425;$559,757,719;Disney +
tt0396652;The Princess Bride;While home sick in bed, a young boy's grandfather reads him the story of a farmboy-turned-pirate who encounters numerous obstacles, enemies and allies in his quest to be reunited with his true love.;movie;PG;1987;09 Oct 1987;May 1, 2020;98;Adventure;Rob Reiner;"William Goldman (screenplay by); William Goldman (based upon his book)";"Cary Elwes; Mandy Patinkin; Chris Sarandon; Christopher Guest";English;USA;7;9;8,1;377085;Osci.;$30,857,000;$30,859,628;Disney +
tt1298650;My Favorite Martian;A Martian lands on Earth and makes friends with a reporter.;movie;PG;1999;12 Feb 1999;November 12, 2019;60;Comedy;Donald Petrie;"John L. Greene (television series My Favorite Martian); Sherri Stoner; Deanna Oliver";"Christopher Lloyd; Jeff Daniels; Elizabeth Hurley; Daryl Hannah";English;USA;0;3;5,1;12448;Osci.;$36,850,101;$36,850,101;Disney +
tt0317219;Meet the Deedles;Two surfers end up as Yellowstone park rangers and have to stop a former ranger who is out for revenge.;movie;PG;1998;27 Mar 1998;November 12, 2019;103;Comedy;Steve Boyum;Jim Herzfeld;"Steve Van Wormer; Paul Walker; A.J. Langer; John Ashton";English;USA;1;2;4,1;2567;Osci.;$4,356,126;$4,356,126;Disney +
tt0120363;Mighty Joe Young;A legendary fifteen-foot tall mountain gorilla named Joe is taken to an animal sanctuary in California by zoologist Gregg O'Hara (Bill Paxton) and Jill Young (Charlize Theron), with whom he grew up. Poacher Strasser (Rade Serbedzija) returns from the past to seek vengeance on Joe.;movie;PG;1998;25 Dec 1998;November 12, 2019;70;Action;Ron Underwood;"Merian C. Cooper (story); Ruth Rose (earlier screenplay); Mark Rosenthal (screenplay); Lawrence Konner (screenplay)";"Charlize Theron; Bill Paxton; Rade Serbedzija; Peter Firth";Swahili;USA;1;4;5,6;26795;Osci.;$50,632,037;$50,632,037;Disney +
tt0103639;Muppets Most Wanted;While on a grand world tour, The Muppets find themselves wrapped into an European jewel-heist caper headed by a Kermit the Frog look-alike and his dastardly sidekick.;movie;PG;2014;21 Mar 2014;November 12, 2019;8;Adventure;James Bobin;"James Bobin; Nicholas Stoller; Jim Henson (based on)";"Ricky Gervais; Ty Burrell; Tina Fey; Steve Whitmire";German;USA;3;1;6,4;30336;Osci.;$51,178,893;$79,312,301;Disney +
tt6139732;The Odd Life of Timothy Green;A childless couple bury a box in their backyard, containing all of their wishes for an infant. Soon, a child is born, though Timothy Green is not all that he appears.;movie;PG;2012;15 Aug 2012;April 1, 2020;105;Comedy;Peter Hedges;"Peter Hedges (screenplay); Ahmet Zappa (story)";"Jennifer Garner; Joel Edgerton; CJ Adams; Odeya Rush";English;USA;1;8;6,6;43976;Osci.;$51,853,450;$55,249,159;Disney +
tt3521164;Miracle;The true story of Herb Brooks, the player-turned-coach who led the 1980 U.S. Olympic hockey team to victory over the seemingly invincible Soviet squad.;movie;PG;2004;06 Feb 2004;November 12, 2019;107;Biography;Gavin O'Connor;Eric Guggenheim;"Kurt Russell; Patricia Clarkson; Noah Emmerich; Sean McCann";English;USA;2;4;7,5;45667;Osci.;$64,378,093;$64,474,705;Disney +
tt1843866;The Muppet Movie;Kermit and his newfound friends trek across America to find success in Hollywood, but a frog legs merchant is after Kermit.;movie;G;1979;22 Jun 1979;November 12, 2019;95;Adventure;James Frawley;"Jerry Juhl; Jack Burns";"Jim Henson; Frank Oz; Jerry Nelson; Richard Hunt";English;USA;4;11;7,6;31198;Osci.;$76,657,000;$76,657,000;Disney +
tt1449283;The Muppets;A Muppet fanatic with some help from his 2 human compatriots must regroup the Muppet gang to stop an avaricious oil mogul from taking down one of their precious life-longing treasures.;movie;PG;2011;23 Nov 2011;November 12, 2019;103;Adventure;James Bobin;"Jason Segel; Nicholas Stoller; Jim Henson (based on)";"Jason Segel; Amy Adams; Chris Cooper; Rashida Jones";English;USA;26;43;7,1;84999;Osci.;$88,625,922;$160,971,922;Disney +
tt0084827;The Princess Diaries 2: Royal Engagement;Now settled in Genovia, Princess Mia faces a new revelation: she is being primed for an arranged marriage to an English suitor.;movie;G;2004;11 Aug 2004;November 12, 2019;113;Comedy;Garry Marshall;"Meg Cabot (characters); Gina Wendkos (story); Shonda Rhimes (story); Shonda Rhimes (screenplay)";"Anne Hathaway; Julie Andrews; Hector Elizondo; John Rhys-Davies";Greek;USA;1;2;5,8;70904;Osci.;$95,149,435;$122,071,435;Disney +
tt0317705;National Treasure;A historian races to find the legendary Templar Treasure before a team of mercenaries.;movie;PG;2004;19 Nov 2004;April 30, 2020;76;Action;Jon Turteltaub;"Jim Kouf (screenplay); Cormac Wibberley (screenplay); Marianne Wibberley (screenplay); Jim Kouf (story); Oren Aviv (story); Charles Segars (story)";"Nicolas Cage; Diane Kruger; Justin Bartha; Sean Bean";Spanish;USA;1;9;6,8;295236;Par.;$173,005,002;$331,323,410;Disney +
tt1453405;Old Dogs;Two friends and business partners find their lives turned upside down when strange circumstances lead them to be the temporary guardians of seven year-old twins.;movie;PG;2009;25 Nov 2009;February 9, 2020;75;Comedy;Walt Becker;"David Diamond; David Weissman";"John Travolta; Robin Williams; Kelly Preston; Conner Rayburn";Ukrainian;USA;0;5;5,4;35534;Par.;$49,492,060;$95,104,304;Disney +
tt0104940;The Hunchback of Notre Dame;A deformed bell-ringer must assert his independence from a vicious government minister in order to help his friend, a gypsy dancer.;movie;G;1996;21 Jun 1996;November 12, 2019;91;Animation;Gary Trousdale;"Tab Murphy (animation story by); Victor Hugo (from the novel ""Notre Dame de Paris"" by); Tab Murphy (animation screenplay by); Irene Mecchi (animation screenplay by); Bob Tzudiker (animation screenplay by); Noni White (animation screenplay by); Jonathan Roberts (animation screenplay by); Kevin Harkey (story); GaÃ«tan Brizzi (story); Paul Brizzi (story); Ed Gombert (story); Brenda Chapman (story); Jeff Snow (story); Jim Capobianco (story); Denis Rich (story); Burny Mattinson (story); John Sanford (story); Kelly Wightman (story); James Fujii (story); Geefwee Boedoe (story); Floyd Norman (story); Francis Glebas (story); Kirk Hanson (story); Christine Blum (story); Sue C. Nichols (story); Will Finn (additional screenplay material by)";"Jason Alexander; Mary Kay Bergman; Corey Burton; Jim Cummings";Latin;France;8;22;6,9;135545;SPC;$100,138,851;$325,500,000;Disney +
tt2025690;The Good Dinosaur;In a world where dinosaurs and humans live side-by-side, an Apatosaurus named Arlo makes an unlikely human friend.;movie;PG;2015;25 Nov 2015;November 12, 2019;93;Animation;Peter Sohn;"Bob Peterson (original concept & development by); Peter Sohn (story by); Erik Benson (story by); Meg LeFauve (story by); Kelsey Mann (story by); Bob Peterson (story by); Meg LeFauve (screenplay by); Peter Hedges (additional screenplay material by); Adrian Molina (additional screenplay material by)";"Jeffrey Wright; Frances McDormand; Maleah Nipay-Padilla; Ryan Teeple";English;USA;9;41;6,7;97413;SPC;$123,087,120;$333,771,037;Disney +
tt0046672;The Incredible Hulk;A nuclear scientist is afflicted with the tendency to change into a powerful green monster under stress.;series;TV-Y7;1996;08 Sep 1996;November 12, 2019;20;Animation;N/A;"Jack Kirby; Stan Lee";"Lou Ferrigno; Neal McDonough; John Vernon; Mark Hamill";English;USA;1;0;6,8;2643;SPC;$134,806,913;$265,573,859;Disney +
tt0198781;The Chronicles of Narnia: Prince Caspian;The Pevensie siblings return to Narnia, where they are enlisted to once again help ward off an evil king and restore the rightful heir to the land's throne, Prince Caspian.;movie;PG;2008;16 May 2008;November 12, 2019;11;Action;Andrew Adamson;"Andrew Adamson (screenplay); Christopher Markus (screenplay); Stephen McFeely (screenplay); C.S. Lewis (novel)";"Ben Barnes; Georgie Henley; Skandar Keynes; William Moseley";English;Poland;2;20;6,5;187627;SPC;$141,621,490;$417,341,288;Disney +
tt0361467;The Greatest Game Ever Played;In the 1913 US Open, 20-year-old Francis Ouimet played golf against his idol, 1900 US Open champion, Englishman Harry Vardon.;movie;PG;2005;30 Sep 2005;November 12, 2019;120;Biography;Bill Paxton;"Mark Frost (book); Mark Frost (screenplay)";"James Paxton; Tom Rack; Armand Laroche; Peter Hurley";English;Canada;0;3;7,4;26823;SPC;$15,331,289;$15,468,266;Disney +
tt0363771;The Country Bears;Beary Barrington goes on an adventure to save Country Bear Hall by getting the Country Bears back together for a reunion concert.;movie;G;2002;26 Jul 2002;November 12, 2019;81;Comedy;Peter Hastings;Mark Perez;"Haley Joel Osment; Diedrich Bader; Candy Ford; James Gammon";English;USA;4;0;4,1;4769;SPC;$16,988,996;$16,988,996;Disney +
tt1049413;Tangled;The magically long-haired Rapunzel has spent her entire life in a tower, but now that a runaway thief has stumbled upon her, she is about to discover the world for the first time, and who she really is.;movie;PG;2010;24 Nov 2010;November 12, 2019;6;Animation;Nathan Greno;"Dan Fogelman (screenplay by); Jacob Grimm (based upon the fairy tale ""Rapunzel"" by); Wilhelm Grimm (based upon the fairy tale ""Rapunzel"" by)";"Mandy Moore; Zachary Levi; Donna Murphy; Ron Perlman";English;USA;10;41;7,7;390220;SPC;$200,821,936;$586,477,240;Disney +
tt0032910;The Adventures of Huck Finn;In Missouri, during the 1840s, young Huck Finn fearful of his drunkard father and yearning for adventure, leaves his foster family and joins with runaway slave Jim in a voyage down the Mississippi River toward slavery free states.;movie;PG;1993;02 Apr 1993;November 12, 2019;86;Adventure;Stephen Sommers;"Mark Twain (novel); Stephen Sommers (screenplay)";"Elijah Wood; Courtney B. Vance; Robbie Coltrane; Jason Robards";French;USA;0;0;6,2;7451;SPC;$24,103,594;$24,103,594;Disney +
tt0093779;The Incredibles;A family of undercover superheroes, while trying to live the quiet suburban life, are forced into action to save the world.;movie;PG;2004;05 Nov 2004;November 12, 2019;115;Animation;Brad Bird;Brad Bird;"Craig T. Nelson; Holly Hunter; Samuel L. Jackson; Jason Lee";French;USA;67;56;8;633057;SPC;$261,441,092;$614,726,752;Disney +
tt0325980;The Finest Hours;The Coast Guard makes a daring rescue attempt off the coast of Cape Cod after a pair of oil tankers are destroyed during a blizzard in 1952.;movie;PG-13;2016;29 Jan 2016;March 6, 2020;117;Action;Craig Gillespie;"Scott Silver (screenplay); Paul Tamasy (screenplay); Eric Johnson (screenplay); Casey Sherman (book); Michael J. Tougias (book)";"Chris Pine; Casey Affleck; Ben Foster; Eric Bana";English;USA;2;0;6,8;59000;SPC;$27,569,558;$49,252,761;Disney +
tt1228705;The Chronicles of Narnia: The Lion, the Witch and the Wardrobe;Four kids travel through a wardrobe to the land of Narnia and learn of their destiny to free it with the guidance of a mystical lion.;movie;PG;2005;09 Dec 2005;November 12, 2019;102;Adventure;Andrew Adamson;"Ann Peacock (screenplay); Andrew Adamson (screenplay); Christopher Markus (screenplay); Stephen McFeely (screenplay); C.S. Lewis (book)";"Georgie Henley; Skandar Keynes; William Moseley; Anna Popplewell";German;USA;27;46;6,9;353342;SPC;$291,710,957;$720,539,572;Disney +
tt3501632;The Black Hole;A research vessel finds a missing ship, commanded by a mysterious scientist, on the edge of a black hole.;movie;PG;1979;21 Dec 1979;November 12, 2019;126;Action;Gary Nelson;"Jeb Rosebrook (story by); Bob Barbash (story by); Richard H. Landau (story by); Jeb Rosebrook (screenplay by); Gerry Day (screenplay by)";"Maximilian Schell; Anthony Perkins; Robert Forster; Joseph Bottoms";English;USA;0;8;6;22422;SPC;$35,841,901;$35,841,901;Disney +
tt0371746;The Jungle Book;Bagheera the Panther and Baloo the Bear have a difficult time trying to convince a boy to leave the jungle for human civilization.;movie;G;1967;18 Oct 1967;November 12, 2019;78;Animation;Wolfgang Reitherman;"Larry Clemmons (story); Ralph Wright (story); Ken Anderson (story); Vance Gerry (story); Rudyard Kipling (inspired by the Mowgli stories)";"Phil Harris; Sebastian Cabot; Bruce Reitherman; George Sanders";English;USA;5;3;7,6;159903;SPC;$364,001,123;$962,854,547;Disney +
tt0115218;The Lion King;A Lion cub crown prince is tricked by a treacherous uncle into thinking he caused his father's death and flees into exile in despair, only to learn in adulthood his identity and his responsibilities.;movie;G;1994;24 Jun 1994;November 12, 2019;88;Animation;Roger Allers;"Irene Mecchi (screenplay by); Jonathan Roberts (screenplay by); Linda Woolverton (screenplay by); Burny Mattinson (story); Barry Johnson (story); Lorna Cook (story); Thom Enriquez (story); Andy Gaskill (story); Gary Trousdale (story); Jim Capobianco (story); Kevin Harkey (story); Jorgen Klubien (story); Chris Sanders (story); Tom Sito (story); Larry Leker (story); Joe Ranft (story); Rick Maki (story); Ed Gombert (story); Francis Glebas (story); Mark Kausler (story); J.T. Allen (additional story material); George Scribner (additional story material); Miguel Tejada-Flores (additional story material); Jenny Tripp (additional story material); Bob Tzudiker (additional story material); Christopher Vogler (additional story material); Kirk Wise (additional story material); Noni White (additional story material); Brenda Chapman (story supervisor)";"Rowan Atkinson; Matthew Broderick; Niketa Calame-Harris; Jim Cummings";Swahili;USA;37;34;8,5;901362;SPC;$421,785,283;$986,214,868;Disney +
tt0317132;The Lion King;After the murder of his father, a young lion prince flees his kingdom only to learn the true meaning of responsibility and bravery.;movie;PG;2019;19 Jul 2019;January 28, 2020;118;Animation;Jon Favreau;"Jeff Nathanson (screenplay by); Irene Mecchi (based on ""The Lion King"" screenplay by); Jonathan Roberts (based on ""The Lion King"" screenplay by); Linda Woolverton (based on ""The Lion King"" screenplay by)";"Chiwetel Ejiofor; John Oliver; James Earl Jones; John Kani";Xhosa;UK;15;32;6,9;189877;SPC;$421,785,283;$986,214,868;Disney +
tt2015381;The Jungle Book 2;Mowgli, missing the jungle and his old friends, runs away from the man village unaware of the danger he's in by going back to the wild.;movie;G;2003;14 Feb 2003;November 12, 2019;72;Animation;Steve Trenbirth;"Karl Geurs (screenplay by); Carter Crocker (additional written material); Evan Spiliotopoulos (additional written material); David Reynolds (additional written material); Roger S.H. Schulman (additional written material); Tom Rogers (additional written material)";"John Goodman; Haley Joel Osment; Mae Whitman; Connor Funk";English;Australia;1;9;5,4;14354;SPC;$47,901,582;$140,122,225;Disney +
tt4176370;The BFG;An orphan little girl befriends a benevolent giant who takes her to Giant Country, where they attempt to stop the man-eating giants that are invading the human world.;movie;PG;2016;01 Jul 2016;November 12, 2019;91;Adventure;Steven Spielberg;"Melissa Mathison (screenplay by); Roald Dahl (based on the book by)";"Mark Rylance; Ruby Barnhill; Penelope Wilton; Jemaine Clement";English;India;4;25;6,4;73906;SPC;$55,483,770;$199,646,680;Disney +
tt0043274;The Last Song;A rebellious girl is sent to a Southern beach town for the summer to stay with her father. Through their mutual love of music, the estranged duo learn to reconnect.;movie;PG;2010;31 Mar 2010;April 1, 2020;107;Drama;Julie Anne Robinson;"Nicholas Sparks (screenplay); Jeff Van Wie (screenplay); Nicholas Sparks (book)";"Miley Cyrus; Greg Kinnear; Bobby Coleman; Liam Hemsworth";English;USA;4;10;6;78380;SPC;$62,950,384;$92,678,948;Disney +
tt1014759;The Avengers;Earth's mightiest heroes must come together and learn to fight as a team if they are going to stop the mischievous Loki and his alien army from enslaving humanity.;movie;PG-13;2012;04 May 2012;November 12, 2019;51;Action;Joss Whedon;"Joss Whedon (screenplay); Zak Penn (story); Joss Whedon (story)";"Robert Downey Jr.; Chris Evans; Mark Ruffalo; Chris Hemsworth";Russian;USA;39;79;8;1225316;SPC;$623,279,547;$1,517,935,897;Disney +
tt0103247;The Kid;An unhappy and disliked image consultant gets a second shot at life when he is mysteriously confronted by an eight-year-old version of himself.;movie;PG;2000;07 Jul 2000;November 12, 2019;104;Comedy;Jon Turteltaub;Audrey Wells;"Bruce Willis; Spencer Breslin; Emily Mortimer; Lily Tomlin";English;USA;1;3;6,1;39194;SPC;$69,688,384;$69,688,384;Disney +
tt2948356;The Haunted Mansion;A realtor and his wife and children are summoned to a mansion, which they soon discover is haunted, and while they attempt to escape, he learns an important lesson about the family he has neglected.;movie;PG;2003;26 Nov 2003;November 12, 2019;88;Comedy;Rob Minkoff;David Berenbaum;"Eddie Murphy; Terence Stamp; Nathaniel Parker; Marsha Thomason";English;USA;1;4;5;40276;SPC;$75,817,994;$155,750,628;Disney +
tt1185834;The Emperor's New Groove;Emperor Kuzco is turned into a llama by his ex-administrator Yzma, and must now regain his throne with the help of Pacha, the gentle llama herder.;movie;G;2000;15 Dec 2000;November 12, 2019;108;Animation;Mark Dindal;"Chris Williams (story by); Mark Dindal (story by); David Reynolds (screenplay by); Stephen J. Anderson (additional story material by); Don Hall (additional story material by); John Norton (additional story material by); Roger Allers (based on an original story by); Matthew Jacobs (based on an original story by); Doug Frankel (additional story); Mark Kennedy (additional story); Mark Walton (additional story)";"David Spade; John Goodman; Eartha Kitt; Patrick Warburton";English;USA;7;27;7,3;171721;SPC;$89,296,573;$169,296,573;Disney +
tt0458290;The Game Plan;An NFL quarterback living the bachelor lifestyle discovers that he has an 8-year-old daughter from a previous relationship.;movie;PG;2007;28 Sep 2007;November 12, 2019;110;Comedy;Andy Fickman;"Nichole Millard (screenplay); Kathryn Price (screenplay); Nichole Millard (story); Kathryn Price (story); Audrey Wells (story)";"Dwayne Johnson; Madison Pettis; Kyra Sedgwick; Roselyn Sanchez";English;USA;0;3;6,1;56291;SPC;$90,648,202;$146,590,987;Disney +
tt0087291;Return to Oz;Dorothy, saved from a psychiatric experiment by a mysterious girl, is somehow called back to Oz when a vain witch and the Nome King destroy everything that makes the magical land beautiful.;movie;PG;1985;21 Jun 1985;November 12, 2019;143;Adventure;Walter Murch;"Walter Murch (screenplay); Gill Dennis (screenplay); L. Frank Baum (novels)";"Fairuza Balk; Nicol Williamson; Jean Marsh; Piper Laurie";English;USA;0;6;6,7;23581;Uni.;$10,618,813;$10,618,813;Disney +
tt1142977;Robin Hood;The story of the legendary outlaw is portrayed with the characters as humanoid animals.;movie;G;1973;08 Nov 1973;November 12, 2019;89;Animation;Wolfgang Reitherman;"Larry Clemmons (story); Ken Anderson (based on: character and story conceptions by); Ken Anderson (story sequences); Vance Gerry (story sequences); Frank Thomas (story sequences); Eric Cleworth (story sequences); Julius Svendsen (story sequences); David Michener (story sequences)";"Roger Miller; Peter Ustinov; Terry-Thomas; Brian Bedford";Portuguese;USA;1;2;7,6;110712;Uni.;$105,487,148;$322,459,006;Disney +
tt0078869;Remember the Titans;The true story of a newly appointed African-American coach and his high school team on their first season as a racially integrated unit.;movie;PG;2000;29 Sep 2000;November 12, 2019;75;Biography;Boaz Yakin;Gregory Allen Howard;"Denzel Washington; Will Patton; Wood Harris; Ryan Hurst";English;USA;8;18;7,8;190945;Uni.;$115,654,751;$136,706,683;Disney +
tt2096673;Snow White and the Seven Dwarfs;Exiled into the dangerous forest by her wicked stepmother, a princess is rescued by seven dwarf miners who make her part of their household.;movie;G;1937;04 Feb 1938;November 12, 2019;104;Animation;William Cottrell;"Jacob Grimm (fairy tales); Wilhelm Grimm (fairy tales); Ted Sears (story adaptation); Richard Creedon (story adaptation); Otto Englander (story adaptation); Dick Rickard (story adaptation); Earl Hurd (story adaptation); Merrill De Maris (story adaptation); Dorothy Ann Blank (story adaptation); Webb Smith (story adaptation)";"Roy Atwell; Stuart Buchanan; Adriana Caselotti; Eddie Collins";English;USA;11;6;7,6;174379;Uni.;$184,925,486;$184,925,486;Disney +
tt0265632;Ratatouille;A rat who can cook makes an unusual alliance with a young kitchen worker at a famous restaurant.;movie;G;2007;29 Jun 2007;November 12, 2019;72;Animation;Brad Bird;"Brad Bird (screenwriter); Jan Pinkava (original story by); Jim Capobianco (original story by); Brad Bird (original story by)";"Patton Oswalt; Ian Holm; Lou Romano; Brian Dennehy";French;USA;67;42;8;612483;Uni.;$206,445,654;$626,549,695;Disney +
tt0120764;Recess: School's Out;TJ and company must save summer vacation from disappearing forever.;movie;G;2001;16 Feb 2001;November 12, 2019;118;Animation;Chuck Sheetz;"Paul Germain (television series Recess); Joe Ansolabehere (television series Recess); Paul Germain (story); Joe Ansolabehere (story); Jonathan Greenberg (story); Jonathan Greenberg (screenplay)";"Rickey D'Shon Collins; Jason Davis; Ashley Johnson; Andrew Lawrence";English;Japan;0;0;6,6;9032;Uni.;$36,696,761;$44,451,470;Disney +
tt0061852;Red Tails;A crew of African American pilots in the Tuskegee training program, having faced segregation while kept mostly on the ground during World War II, are called into duty under the guidance of Col. A.J. Bullard.;movie;PG-13;2012;20 Jan 2012;January 1, 2020;77;Action;Anthony Hemingway;"John Ridley (story); John Ridley (screenplay); Aaron McGruder (screenplay); John B. Holway (book)";"Terrence Howard; Cuba Gooding Jr.; Nate Parker; David Oyelowo";Italian;USA;2;9;5,9;32647;Uni.;$49,876,377;$50,365,498;Disney +
tt0405469;Rogue One: A Star Wars Story;The daughter of an Imperial scientist joins the Rebel Alliance in a risky move to steal the Death Star plans.;movie;PG-13;2016;16 Dec 2016;November 12, 2019;95;Action;Gareth Edwards;"Chris Weitz (screenplay by); Tony Gilroy (screenplay by); John Knoll (story by); Gary Whitta (story by); George Lucas (based on characters created by)";"Felicity Jones; Diego Luna; Alan Tudyk; Donnie Yen";English;USA;24;82;7,8;526836;Uni.;$532,177,324;$1,049,102,856;Disney +
tt0133240;Secretariat;Penny Chenery Tweedy and colleagues guide her long-shot but precocious stallion to set, in 1973, the unbeaten record for winning the Triple Crown.;movie;PG;2010;08 Oct 2010;November 12, 2019;93;Biography;Randall Wallace;"Mike Rich; William Nack (book)";"Diane Lane; John Malkovich; Dylan Walsh; Margo Martindale";English;USA;4;6;7,2;25455;Uni.;$59,699,513;$60,376,247;Disney +
tt0147800;Snow Dogs;When a Miami dentist inherits a team of sled dogs, he's got to learn the trade or lose his pack to a crusty mountain man.;movie;PG;2002;18 Jan 2002;November 12, 2019;91;Adventure;Brian Levant;"Jim Kouf (screenplay); Tommy Swerdlow (screenplay); Michael Goldberg (screenplay); Mark Gibson (screenplay); Philip Halprin (screenplay); Gary Paulsen (book)";"Cuba Gooding Jr.; James Coburn; SisqÃ³; Nichelle Nichols";English;USA;1;0;5,2;24563;Uni.;$81,150,692;$116,898,028;Disney +
tt0266543;Saving Mr. Banks;Author P.L. Travers reflects on her childhood after reluctantly meeting with Walt Disney, who seeks to adapt her Mary Poppins books for the big screen.;movie;PG-13;2013;20 Dec 2013;November 12, 2019;129;Biography;John Lee Hancock;"Kelly Marcel; Sue Smith";"Emma Thompson; Tom Hanks; Annie Rose Buckley; Colin Farrell";English;UK;15;72;7,5;147182;Uni.;$83,299,761;$114,962,525;Disney +
tt0107120;Elephant;Documentary follows an African elephant named Shani and her son Joao as their heard make an epic journey across the Kalashnikov Desert.;movie;PG;2020;03 Apr 2020;April 3, 2020;89;Documentary;Mark Linfield;N/A;Meghan Markle;English;N/A;0;0;4,7;61;Walt Disney Animation Studios;$1,266,955;$10,051,516;Disney +
tt0120645;Genius;Charlie Boyle finds that even his high IQ can't solve all of his problems when he takes on a double life in order to make friends his own age.;movie;TV-G;1999;21 Aug 1999;November 12, 2019;78;Comedy;Rod Daniel;"John Rieck (story); John Rieck (teleplay); Jim Lincoln (teleplay); Dan Studney (teleplay)";"Trevor Morgan; Emmy Rossum; Charles Fleischer; Yannick Bisson";English;USA;0;2;6,3;1570;Walt Disney Animation Studios;$1,361,045;$7,265,283;Disney +
tt2294629;A Wrinkle in Time;After the disappearance of her scientist father, three peculiar beings send Meg, her brother, and her friend to space in order to find him.;movie;PG;2018;09 Mar 2018;March 25, 2020;105;Adventure;Ava DuVernay;"Jennifer Lee (screenplay by); Jeff Stockwell (screenplay by); Madeleine L'Engle (based upon the novel by)";"Storm Reid; Oprah Winfrey; Reese Witherspoon; Mindy Kaling";English;USA;5;15;4,2;38659;Walt Disney Animation Studios;$100,478,608;$133,401,882;Disney +
tt0081938;Bambi;The story of a young deer growing up in the forest.;movie;G;1942;21 Aug 1942;November 12, 2019;7;Animation;James Algar;"Felix Salten (from the story by); Perce Pearce (story direction); Larry Morey (story adaptation); Vernon Stallings (story development); Mel Shaw (story development); Carl Fallberg (story development); Chuck Couch (story development); Ralph Wright (story development)";"Hardie Albright; Stan Alexander; Bobette Audrey; Peter Behn";English;USA;6;6;7,3;125824;Walt Disney Animation Studios;$102,797,000;$268,000,000;Disney +
tt6135682;George of the Jungle;A man raised in the jungle by apes falls in love with a wealthy American heiress.;movie;PG;1997;16 Jul 1997;May 1, 2020;89;Action;Sam Weisman;"Jay Ward (characters); Dana Olsen (story); Dana Olsen (screenplay); Audrey Wells (screenplay)";"Brendan Fraser; Leslie Mann; Thomas Haden Church; Richard Roundtree";Spanish;USA;1;3;5,4;68409;Walt Disney Animation Studios;$105,263,257;$174,463,257;Disney +
tt3498820;Bedtime Stories;A hotel handyman's life changes when the lavish bedtime stories he tells his niece and nephew start to magically come true.;movie;PG;2008;25 Dec 2008;March 5, 2020;79;Comedy;Adam Shankman;"Matt Lopez (screenplay); Tim Herlihy (screenplay); Matt Lopez (story)";"Adam Sandler; Keri Russell; Guy Pearce; Russell Brand";English;USA;3;5;6;85524;Walt Disney Animation Studios;$110,101,975;$221,468,935;Disney +
tt1300854;Freaky Friday;A mother and daughter find their personalities switched and have to live each other's lives on one strange Friday.;movie;G;1976;21 Jan 1977;November 12, 2019;122;Comedy;Gary Nelson;"Mary Rodgers (screenplay); Mary Rodgers (book)";"Barbara Harris; Jodie Foster; John Astin; Patsy Kelly";English;USA;0;0;6,3;11109;Walt Disney Animation Studios;$110,222,438;$160,822,438;Disney +
tt0435761;Freaky Friday;An overworked mother and her daughter do not get along. When they switch bodies, each is forced to adapt to the other's life for one freaky Friday.;movie;PG;2003;06 Aug 2003;November 12, 2019;90;Comedy;Mark Waters;"Mary Rodgers (novel); Heather Hach (screenplay); Leslie Dixon (screenplay)";"Jamie Lee Curtis; Lindsay Lohan; Mark Harmon; Harold Gould";Mandarin;USA;1;11;6,1;120172;Walt Disney Animation Studios;$110,222,438;$160,822,438;Disney +
tt0385726;Freaky Friday;A musical about what happens when a mom and daughter argue, get their bodies magically switched, and have to make it through the day being the other at high school or preparing for the wedding next day - while hoping to switch back.;movie;TV-G;2018;10 Aug 2018;November 12, 2019;7;Comedy;Steve Carr;"Bridget Carpenter (musical book); Bridget Carpenter (screenplay); Mary Rodgers (based on a children's book by); Brian Yorkey (musical book)";"Cozi Zuehlsdorff; Heidi Blickenstaff; Jason Maybaum; Alex DÃ©sert";English;USA;0;0;3,7;916;Walt Disney Animation Studios;$110,222,438;$160,822,438;Disney +
tt0110357;Dr. Dolittle 2;Dolittle must save a forest and a bear's life.;movie;PG;2001;22 Jun 2001;March 1, 2020;102;Comedy;Steve Carr;"Hugh Lofting (Doctor Dolittle stories); Larry Levin";"Eddie Murphy; Kristen Wilson; Raven-SymonÃ©; Kyla Pratt";English;USA;3;6;4,7;40531;Walt Disney Animation Studios;$112,950,721;$176,101,721;Disney +
tt6105098;Dumbo;A young elephant, whose oversized ears enable him to fly, helps save a struggling circus, but when the circus plans a new venture, Dumbo and his friends discover dark secrets beneath its shiny veneer.;movie;PG;2019;29 Mar 2019;November 12, 2019;120;Adventure;Tim Burton;"Ehren Kruger (screenplay by); Helen Aberson (novel); Harold Pearl (novel)";"Colin Farrell; Michael Keaton; Danny DeVito; Eva Green";French;UK;3;12;6,3;58882;Walt Disney Animation Studios;$113,883,318;$345,004,422;Disney +
tt4154664;Bolt;The canine star of a fictional sci-fi/action show that believes his powers are real embarks on a cross country trek to save his co-star from a threat he believes is just as real.;movie;PG;2008;21 Nov 2008;November 12, 2019;123;Animation;Byron Howard;"Dan Fogelman (screenplay by); Chris Williams (screenplay by)";"John Travolta; Miley Cyrus; Susie Essman; Mark Walton";English;USA;1;32;6,8;182591;Walt Disney Animation Studios;$114,053,579;$328,015,029;Disney +
tt0816401;G-Force;A specially trained squad of guinea pigs is dispatched to stop a diabolical billionaire from taking over the world.;movie;PG;2009;24 Jul 2009;March 15, 2020;80;Action;Hoyt Yeatman;"Cormac Wibberley (screenplay); Marianne Wibberley (screenplay); Hoyt Yeatman (story); David P.I. James (story)";"Bill Nighy; Will Arnett; Zach Galifianakis; Kelli Garner";English;USA;1;1;5,1;41151;Walt Disney Animation Studios;$119,436,770;$292,817,841;Disney +
tt0220099;Chicken Little;After ruining his reputation with the town, a courageous chicken must come to the rescue of his fellow citizens when aliens start an invasion.;movie;G;2005;04 Nov 2005;November 12, 2019;112;Animation;Mark Dindal;"Mark Dindal (story by); Mark Kennedy (story by); Steve Bencich (screenplay by); Ron J. Friedman (screenplay by); Ron Anderson (screenplay by)";"Zach Braff; Garry Marshall; Don Knotts; Patrick Stewart";English;USA;4;15;5,7;82825;Walt Disney Animation Studios;$135,386,665;$310,043,823;Disney +
tt2395427;Dinosaur;An orphaned dinosaur raised by lemurs joins an arduous trek to a sancturary after a meteorite shower destroys his family home.;movie;PG;2000;19 May 2000;November 12, 2019;97;Animation;Eric Leighton;"Thom Enriquez (story); John Harrison (story); Robert Nelson Jacobs (story); Ralph Zondag (story); John Harrison (screenplay); Robert Nelson Jacobs (screenplay); Walon Green (based on an earlier screenplay by); Gregory Gunter (creative development); Shirley Pierce (screenplay); Jonathan Roberts (additional story material); Rhett Reese (additional story material); Tamara Lusher (additional story)";"Alfre Woodard; Ossie Davis; Max Casella; Hayden Panettiere";English;USA;4;21;6,5;50895;Walt Disney Animation Studios;$137,748,063;$356,148,063;Disney +
tt0283426;Cheaper by the Dozen;With his wife doing a book tour, a father of twelve must handle a new job and his unstable brood.;movie;PG;2003;25 Dec 2003;February 14, 2020;111;Comedy;Shawn Levy;"Frank B. Gilbreth Jr. (novel); Ernestine Gilbreth Carey (novel); Craig Titley (screen story); Sam Harper (screenplay); Joel Cohen (screenplay); Alec Sokolow (screenplay)";"Steve Martin; Bonnie Hunt; Piper Perabo; Tom Welling";English;USA;2;7;5,9;90580;Walt Disney Animation Studios;$138,614,544;$190,212,113;Disney +
tt0046183;Doctor Dolittle;A doctor discovers that he can communicate with animals.;movie;PG-13;1998;26 Jun 1998;April 1, 2020;90;Comedy;Betty Thomas;"Hugh Lofting (stories); Nat Mauldin (screenplay); Larry Levin (screenplay)";"Eddie Murphy; Ossie Davis; Oliver Platt; Peter Boyle";English;USA;4;11;5,4;89150;Walt Disney Animation Studios;$144,156,605;$294,156,605;Disney +
tt2277860;Cars 3;Lightning McQueen sets out to prove to a new generation of racers that he's still the best race car in the world.;movie;G;2017;16 Jun 2017;November 12, 2019;89;Animation;Brian Fee;"Brian Fee (original story by); Ben Queen (original story by); Eyal Podell (original story by); Jonathon E. Stewart (original story by); Kiel Murray (screenplay by); Bob Peterson (screenplay by); Mike Rich (screenplay by)";"Owen Wilson; Cristela Alonzo; Chris Cooper; Nathan Fillion";English;USA;1;23;6,7;68243;Walt Disney Animation Studios;$152,901,115;$383,541,369;Disney +
tt0976238;A Bug's Life;"A misfit ant, looking for ""warriors"" to save his colony from greedy grasshoppers, recruits a group of bugs that turn out to be an inept circus troupe.";movie;G;1998;25 Nov 1998;November 12, 2019;47;Animation;John Lasseter;"John Lasseter (original story by); Andrew Stanton (original story by); Joe Ranft (original story by); Andrew Stanton (screenplay by); Don McEnery (screenplay by); Bob Shaw (screenplay by)";"Dave Foley; Kevin Spacey; Julia Louis-Dreyfus; Hayden Panettiere";English;USA;15;20;7,2;257065;Walt Disney Animation Studios;$162,798,565;$363,095,319;Disney +
tt0485985;Captain America: The First Avenger;"Steve Rogers, a rejected military soldier, transforms into Captain America after taking a dose of a ""Super-Soldier serum"". But being Captain America comes at a price as he attempts to take down a war monger and a terrorist organization.";movie;PG-13;2011;22 Jul 2011;November 12, 2019;81;Action;Joe Johnston;"Christopher Markus (screenplay); Stephen McFeely (screenplay); Joe Simon (comic books); Jack Kirby (comic books)";"Chris Evans; Hayley Atwell; Sebastian Stan; Tommy Lee Jones";Norwegian;USA;4;46;6,9;711603;Marvel;$176,654,505;$370,569,776;Disney +
tt0299172;Ant-Man;Follow Scott Lang as Ant-Man, dealing with everything from super villains to miniature alien invasions (and occasionally helping Cassie with her homework). Along with The Wasp and Hank Pym, Ant-Man protects the world one inch at a time.;series;PG;2017;10 Jun 2017;November 12, 2019;90;Animation;N/A;N/A;Josh Keaton;English;USA;0;0;6,7;246;Marvel;$180,202,163;$518,858,449;Disney +
tt0120751;Ant-Man;Armed with a super-suit with the astonishing ability to shrink in scale but increase in strength, cat burglar Scott Lang must embrace his inner hero and help his mentor, Dr. Hank Pym, plan and pull off a heist that will save the world.;movie;PG-13;2015;17 Jul 2015;November 12, 2019;162;Action;Peyton Reed;"Edgar Wright (screenplay by); Joe Cornish (screenplay by); Adam McKay (screenplay by); Paul Rudd (screenplay by); Edgar Wright (story by); Joe Cornish (story by); Stan Lee (based on the Marvel comics by); Larry Lieber (based on the Marvel comics by); Jack Kirby (based on the Marvel comics by)";"Paul Rudd; Michael Douglas; Evangeline Lilly; Corey Stoll";English;USA;4;33;7,3;540523;Marvel;$180,202,163;$518,858,449;Disney +
tt0101414;Doug's 1st Movie;Doug and his pal Skeeter set out to find the monster of Lucky Duck Lake.;movie;G;1999;26 Mar 1999;November 12, 2019;87;Animation;Maurice Joyce;"Ken Scarborough; Joe Aaron (original characters); Jim Jinkins (creator)";"Thomas McHugh; Fred Newman; Chris Phillips; Constance Shulman";English;USA;0;1;5;2868;Walt Disney Animation Studios;$19,421,271;$19,421,271;Disney +
tt2281587;Cars 2;Star race car Lightning McQueen and his pal Mater head overseas to compete in the World Grand Prix race. But the road to the championship becomes rocky as Mater gets caught up in an intriguing adventure of his own: international espionage.;movie;G;2011;24 Jun 2011;November 12, 2019;83;Animation;John Lasseter;"John Lasseter (original story by); Bradford Lewis (original story by); Dan Fogelman (original story by); Ben Queen (screenplay by)";"Larry the Cable Guy; Owen Wilson; Michael Caine; Emily Mortimer";Japanese;USA;1;19;6,1;150876;Walt Disney Animation Studios;$191,450,875;$560,155,383;Disney +
tt1462769;Cinderella;When Cinderella's cruel stepmother prevents her from attending the Royal Ball, she gets some unexpected help from the lovable mice Gus and Jaq, and from her Fairy Godmother.;movie;G;1950;04 Mar 1950;November 12, 2019;149;Animation;Clyde Geronimi;"Charles Perrault (from the original classic by); Bill Peet (story); Erdman Penner (story); Ted Sears (story); Winston Hibler (story); Homer Brightman (story); Harry Reeves (story); Ken Anderson (story); Joe Rinaldi (story)";"Ilene Woods; Eleanor Audley; Verna Felton; Claire Du Brey";English;USA;6;7;7,3;139378;Walt Disney Animation Studios;$201,151,353;$534,551,353;Disney +
tt3748528;Coco;Aspiring musician Miguel, confronted with his family's ancestral ban on music, enters the Land of the Dead to find his great-great-grandfather, a legendary singer.;movie;PG;2017;22 Nov 2017;November 29, 2019;8;Animation;Lee Unkrich;"Lee Unkrich (original story by); Jason Katz (original story by); Matthew Aldrich (original story by); Adrian Molina (original story by); Adrian Molina (screenplay by); Matthew Aldrich (screenplay by)";"Anthony Gonzalez; Gael GarcÃ­a Bernal; Benjamin Bratt; Alanna Ubach";Spanish;USA;110;36;8,4;333411;Walt Disney Animation Studios;$209,726,015;$798,008,101;Disney +
tt3691740;Big Hero 6;The special bond that develops between plus-sized inflatable robot Baymax, and prodigy Hiro Hamada, who team up with a group of friends to form a band of high-tech heroes.;movie;PG;2014;07 Nov 2014;November 12, 2019;8;Animation;Don Hall;"Jordan Roberts (screenplay by); Robert L. Baird (screenplay by); Daniel Gerson (screenplay by); Man of Action (Big Hero 6 team and characters created by); Steven T. Seagle (characters); Duncan Rouleau (characters)";"Scott Adsit; Ryan Potter; Daniel Henney; T.J. Miller";English;USA;26;58;7,8;393016;Walt Disney Animation Studios;$222,527,828;$652,127,828;Disney +
tt0445990;Doctor Strange;While on a journey of physical and spiritual healing, a brilliant neurosurgeon is drawn into the world of the mystic arts.;movie;PG-13;2016;04 Nov 2016;November 12, 2019;7;Action;Scott Derrickson;"Jon Spaihts; Scott Derrickson; C. Robert Cargill; Stan Lee (based on the Marvel comics by); Steve Ditko (based on the Marvel comics by)";"Benedict Cumberbatch; Chiwetel Ejiofor; Rachel McAdams; Benedict Wong";English;USA;20;66;7,5;562696;Marvel;$232,641,920;$676,404,566;Disney +
tt0116669;Brave;Determined to make her own path in life, Princess Merida (Kelly Macdonald) defies a custom that brings chaos to her kingdom. Granted one wish, Merida must rely on her bravery and her archery skills to undo a beastly curse.;movie;PG;2012;22 Jun 2012;November 12, 2019;7;Animation;Mark Andrews;"Brenda Chapman (story by); Mark Andrews (screenplay by); Steve Purcell (screenplay by); Brenda Chapman (screenplay by); Irene Mecchi (screenplay by)";"Kelly Macdonald; Billy Connolly; Emma Thompson; Julie Walters";English;UK;29;48;7,1;357239;Walt Disney Animation Studios;$237,282,182;$554,606,532;Disney +
tt1028576;Around the World in 80 Days;To win a bet, an eccentric British inventor, beside his Chinese valet and an aspiring French artist, embarks on a trip full of adventures and dangers around the world in exactly eighty days.;movie;PG;2004;16 Jun 2004;February 1, 2020;181;Action;Frank Coraci;"Jules Verne (novel); David N. Titcher (screenplay); David Benullo (screenplay); David Andrew Goldstein (screenplay)";"Jackie Chan; Steve Coogan; CÃ©cile de France; Robert Fyfe";Cantonese;Germany;2;2;5,9;82011;Walt Disney Animation Studios;$24,004,159;$72,004,159;Disney +
tt0166896;Cars;A hot-shot race-car named Lightning McQueen gets waylaid in Radiator Springs, where he finds the true meaning of friendship and family.;movie;G;2006;09 Jun 2006;November 12, 2019;42;Animation;John Lasseter;"John Lasseter (original story by); Joe Ranft (original story by); Jorgen Klubien (original story by); Dan Fogelman (screenplay by); John Lasseter (screenplay by); Joe Ranft (screenplay by); Kiel Murray (screenplay by); Phil Lorin (screenplay by); Jorgen Klubien (screenplay by)";"Owen Wilson; Paul Newman; Bonnie Hunt; Larry the Cable Guy";Italian;USA;28;34;7,1;349674;Walt Disney Animation Studios;$244,082,982;$461,651,246;Disney +
tt0053271;Aladdin;A kindhearted street urchin and a power-hungry Grand Vizier vie for a magic lamp that has the power to make their deepest wishes come true.;movie;G;1992;25 Nov 1992;November 12, 2019;69;Animation;Ron Clements;"Ron Clements (screenplay by); John Musker (screenplay by); Ted Elliott (screenplay by); Terry Rossio (screenplay by); Burny Mattinson (story); Roger Allers (story); Daan Jippes (story); Kevin Harkey (story); Sue C. Nichols (story); Francis Glebas (story); Darrell Rooney (story); Larry Leker (story); James Fujii (story); Kirk Hanson (story); Kevin Lima (story); Rebecca Rees (story); David S. Smith (story); Chris Sanders (story); Brian Pimental (story); Patrick A. Ventura (story)";"Scott Weinger; Robin Williams; Linda Larkin; Jonathan Freeman";English;USA;33;22;8;356283;Walt Disney Animation Studios;$246,734,314;$619,234,314;Disney +
tt0088161;Aladdin;A kind-hearted street urchin and a power-hungry Grand Vizier vie for a magic lamp that has the power to make their deepest wishes come true.;movie;PG;2019;24 May 2019;January 8, 2020;75;Adventure;Guy Ritchie;"John August (screenplay by); Guy Ritchie (screenplay by)";"Will Smith; Mena Massoud; Naomi Scott; Marwan Kenzari";Arabic;USA;7;32;7;204537;Walt Disney Animation Studios;$246,734,314;$619,234,314;Disney +
tt1294226;Captain America: The Winter Soldier;As Steve Rogers struggles to embrace his role in the modern world, he teams up with a fellow Avenger and S.H.I.E.L.D agent, Black Widow, to battle a new threat from history: an assassin known as the Winter Soldier.;movie;PG-13;2014;04 Apr 2014;November 12, 2019;93;Action;Anthony Russo;"Christopher Markus (screenplay by); Stephen McFeely (screenplay by); Joe Simon (based on the Marvel comics by); Jack Kirby (based on the Marvel comics by)";"Chris Evans; Samuel L. Jackson; Scarlett Johansson; Robert Redford";French;USA;5;51;7,7;706555;Marvel;$259,746,958;$714,401,889;Disney +
tt0848228;20,000 Leagues Under the Sea;A ship sent to investigate a wave of mysterious sinkings encounters the advanced submarine, the Nautilus, commanded by Captain Nemo.;movie;G;1954;20 Jul 1955;November 12, 2019;95;Adventure;Richard Fleischer;Earl Felton (screenplay);"Kirk Douglas; James Mason; Paul Lukas; Peter Lorre";English;USA;5;3;7,2;27761;Walt Disney Animation Studios;$28,200,000;$28,200,000;Disney +
tt1196141;Confessions of a Teenage Drama Queen;A teenage girl is convinced that her home city revolves around her until her family packs up and moves to the suburbs, where she finds herself competing for attention.;movie;PG;2004;20 Feb 2004;November 12, 2019;7;Comedy;Sara Sugarman;"Dyan Sheldon (book); Gail Parent (screenplay)";"Lindsay Lohan; Adam Garcia; Glenne Headly; Alison Pill";English;USA;1;0;4,6;26686;Walt Disney Animation Studios;$29,331,068;$33,118,854;Disney +
tt0349825;Because of Winn-Dixie;A mischievous dog befriends a lonely young girl in a new town and helps her make new friends.;movie;PG;2005;18 Feb 2005;February 14, 2020;7;Comedy;Wayne Wang;"Kate DiCamillo (novel); Joan Singleton (screenplay)";"AnnaSophia Robb; Jeff Daniels; Cicely Tyson; Dave Matthews";English;USA;0;2;6,3;10040;Walt Disney Animation Studios;$32,647,042;$33,508,485;Disney +
tt0211181;Guardians of the Galaxy;A group of intergalactic criminals must pull together to stop a fanatical warrior with plans to purge the universe.;movie;PG-13;2014;01 Aug 2014;November 12, 2019;129;Action;James Gunn;"James Gunn; Nicole Perlman; Dan Abnett (based on the Marvel comics by); Andy Lanning (based on the Marvel comics by); Bill Mantlo (character created by: Rocket Raccoon); Keith Giffen (character created by: Rocket Raccoon); Jim Starlin (characters created by: Drax the Destroyer; Gamora & Thanos); Steve Englehart (character created by: Star-Lord); Steve Gan (character created by: Star-Lord); Steve Gerber (character created by: Howard the Duck); Val Mayerik (character created by: Howard the Duck)";"Chris Pratt; Zoe Saldana; Dave Bautista; Vin Diesel";English;USA;52;102;8;1007917;Marvel;$333,172,112;$770,867,516;Disney +
tt0311289;Guardians of the Galaxy;The adventures of a band of space warriors who work to protect the universe from the evil overlord Thanos.;series;TV-Y7;2015;26 Jul 2015;November 12, 2019;85;Animation;N/A;"Dan Abnett; Andy Lanning; Marty Isenberg; Henry Gilroy";"Kevin Michael Richardson; Vanessa Marshall; David Sobolov; Will Friedle";English;USA;2;2;7,4;2520;Marvel;$333,172,112;$770,867,516;Disney +
tt0106611;Alice in Wonderland;Alice stumbles into the world of Wonderland. Will she get home? Not if the Queen of Hearts has her way.;movie;G;1951;14 Sep 1951;November 12, 2019;7;Animation;Clyde Geronimi;"Lewis Carroll (adaptation); Winston Hibler (story); Ted Sears (story); Bill Peet (story); Erdman Penner (story); Joe Rinaldi (story); Milt Banta (story); William Cottrell (story); Dick Kelsey (story); Joe Grant (story); Dick Huemer (story); Del Connell (story); Tom Oreb (story); John Walbridge (story)";"Kathryn Beaumont; Ed Wynn; Richard Haydn; Sterling Holloway";English;USA;0;2;7,4;123377;Walt Disney Animation Studios;$334,191,110;$1,025,491,110;Disney +
tt0219854;Alice in Wonderland;Nineteen-year-old Alice returns to the magical world from her childhood adventure, where she reunites with her old friends and learns of her true destiny: to end the Red Queen's reign of terror.;movie;PG;2010;05 Mar 2010;November 12, 2019;103;Adventure;Tim Burton;"Linda Woolverton (screenplay); Lewis Carroll (books)";"Johnny Depp; Mia Wasikowska; Helena Bonham Carter; Anne Hathaway";English;USA;35;63;6,4;371772;Walt Disney Animation Studios;$334,191,110;$1,025,491,110;Disney +
tt1825683;Frankenweenie;A young boy sets out to revive his dead pet using the monstrous power of science.;movie;PG;1984;21 Dec 1984;November 12, 2019;92;Short;Tim Burton;"Tim Burton (based on an original idea by); Leonard Ripps (screenplay)";"Shelley Duvall; Daniel Stern; Barret Oliver; Joseph Maher";English;USA;0;1;7,3;10736;Walt Disney Animation Studios;$35,287,788;$81,150,788;Disney +
tt0119282;Frankenweenie;When a boy's beloved dog passes away suddenly, he attempts to bring the animal back to life through a powerful science experiment.;movie;PG;2012;05 Oct 2012;April 1, 2020;91;Animation;Tim Burton;"Leonard Ripps; Tim Burton (original idea); John August (screenplay)";"Catherine O'Hara; Martin Short; Martin Landau; Charlie Tahan";English;USA;11;50;6,9;94078;Walt Disney Animation Studios;$35,287,788;$81,150,788;Disney +
tt0138967;10 Things I Hate About You;A pretty, popular teenager can't go out on a date until her ill-tempered older sister does.;movie;PG-13;1999;31 Mar 1999;November 12, 2019;97;Comedy;Gil Junger;"Karen McCullah; Kirsten Smith";"Heath Ledger; Julia Stiles; Joseph Gordon-Levitt; Larisa Oleynik";French;USA;2;13;7,3;283945;Walt Disney Animation Studios;$38,177,966;$60,413,950;Disney +
tt0401729;Finding Nemo;After his son is captured in the Great Barrier Reef and taken to Sydney, a timid clownfish sets out on a journey to bring him home.;movie;G;2003;30 May 2003;November 12, 2019;96;Animation;Andrew Stanton;"Andrew Stanton (original story by); Andrew Stanton (screenplay by); Bob Peterson (screenplay by); David Reynolds (screenplay by)";"Albert Brooks; Ellen DeGeneres; Alexander Gould; Willem Dafoe";English;Australia;50;62;8,1;911647;Walt Disney Animation Studios;$380,529,370;$936,429,370;Disney +
tt0265662;Frozen;When the newly crowned Queen Elsa accidentally uses her power to turn things into ice to curse her home in infinite winter, her sister Anna teams up with a mountain man, his playful reindeer, and a snowman to change the weather condition.;movie;PG;2013;27 Nov 2013;November 12, 2019;8;Animation;Chris Buck;"Jennifer Lee (screenplay by); Hans Christian Andersen (story inspired by: ""The Snow Queen"" by); Chris Buck (story by); Jennifer Lee (story by); Shane Morris (story by)";"Kristen Bell; Idina Menzel; Jonathan Groff; Josh Gad";Norwegian;USA;81;59;7,5;551637;Walt Disney Animation Studios;$400,738,009;$1,272,469,910;Disney +
tt0338094;Captain America: Civil War;Political involvement in the Avengers' affairs causes a rift between Captain America and Iron Man.;movie;PG-13;2016;06 May 2016;November 12, 2019;93;Action;Anthony Russo;"Christopher Markus (screenplay by); Stephen McFeely (screenplay by); Joe Simon (based on the Marvel comics by); Jack Kirby (based on the Marvel comics by)";"Chris Evans; Robert Downey Jr.; Scarlett Johansson; Sebastian Stan";German;USA;16;68;7,8;628016;Marvel;$408,084,349;$1,140,069,413;Disney +
tt0079588;Glory Road;In 1966, Texas Western coach Don Haskins led the first all-black starting line-up for a college basketball team to the NCAA national championship.;movie;PG;2006;13 Jan 2006;December 1, 2019;124;Biography;James Gartner;"Christopher Cleveland; Bettina Gilois";"Josh Lucas; Derek Luke; Austin Nichols; Jon Voight";English;USA;2;3;7,2;41442;Walt Disney Animation Studios;$42,647,449;$42,799,060;Disney +
tt0499549;Captain Marvel;Carol Danvers becomes one of the universe's most powerful heroes when Earth is caught in the middle of a galactic war between two alien races.;movie;PG-13;2019;08 Mar 2019;November 12, 2019;6;Action;Anna Boden;"Anna Boden (screenplay by); Ryan Fleck (screenplay by); Geneva Robertson-Dworet (screenplay by); Nicole Perlman (story by); Meg LeFauve (story by); Anna Boden (story by); Ryan Fleck (story by); Geneva Robertson-Dworet (story by)";"Brie Larson; Samuel L. Jackson; Ben Mendelsohn; Jude Law";English;Australia;7;43;6,9;406778;Marvel;$426,525,952;$1,123,061,550;Disney +
tt4341582;Avengers: Age of Ultron;When Tony Stark and Bruce Banner try to jump-start a dormant peacekeeping program called Ultron, things go horribly wrong and it's up to Earth's mightiest heroes to stop the villainous Ultron from enacting his terrible plan.;movie;PG-13;2015;01 May 2015;November 12, 2019;78;Action;Joss Whedon;"Joss Whedon; Stan Lee (based on the Marvel comics by); Jack Kirby (based on the Marvel comics by); Joe Simon (character created by: Captain America); Jack Kirby (character created by: Captain America); Jim Starlin (character created by: Thanos)";"Robert Downey Jr.; Chris Hemsworth; Mark Ruffalo; Chris Evans";Korean;USA;8;47;7,3;711205;Marvel;$459,005,868;$1,403,013,963;Disney +
tt0281373;Finding Dory;Friendly but forgetful blue tang Dory begins a search for her long-lost parents, and everyone learns a few things about the real meaning of family along the way.;movie;PG;2016;17 Jun 2016;November 12, 2019;23;Animation;Andrew Stanton;"Andrew Stanton (original story by); Andrew Stanton (screenplay by); Victoria Strouse (screenplay by)";"Ellen DeGeneres; Albert Brooks; Ed O'Neill; Kaitlin Olson";Indonesian;USA;18;45;7,3;227414;Walt Disney Animation Studios;$486,295,561;$1,021,215,193;Disney +
tt0397313;Beauty and the Beast;A prince cursed to spend his days as a hideous monster sets out to regain his humanity by earning a young woman's love.;movie;G;1991;22 Nov 1991;November 12, 2019;106;Animation;Gary Trousdale;"Linda Woolverton (animation screenplay by); Brenda Chapman (story by); Chris Sanders (story by); Burny Mattinson (story by); Kevin Harkey (story by); Brian Pimental (story by); Bruce Woodside (story by); Joe Ranft (story by); Tom Ellery (story by); Kelly Asbury (story by); Robert Lence (story by)";"Robby Benson; Jesse Corti; Rex Everhart; Angela Lansbury";French;USA;29;34;8;404632;Walt Disney Animation Studios;$504,014,165;$1,259,199,706;Disney +
tt2140373;Diary of a Wimpy Kid;The adventures of a 12 year old who is fresh out of elementary and transitions to middle school, where he has to learn the consequences and responsibility to survive the year.;movie;PG;2010;19 Mar 2010;November 12, 2019;151;Comedy;Thor Freudenthal;"Jackie Filgo (screenplay); Jeff Filgo (screenplay); Gabe Sachs (screenplay); Jeff Judah (screenplay); Jeff Kinney (book)";"Zachary Gordon; Robert Capron; Rachael Harris; Steve Zahn";German;UK;5;9;6,2;40808;Walt Disney Animation Studios;$64,003,625;$76,954,311;Disney +
tt0032455;102 Dalmatians;Cruella DeVil gets out of prison and goes after the puppies once more.;movie;G;2000;22 Nov 2000;November 12, 2019;90;Adventure;Kevin Lima;"Dodie Smith (novel); Kristen Buckley (story); Brian Regan (story); Kristen Buckley (screenplay); Brian Regan (screenplay); Bob Tzudiker (screenplay); Noni White (screenplay)";"Glenn Close; GÃ©rard Depardieu; Ioan Gruffudd; Alice Evans";English;UK;1;8;4,9;33444;Walt Disney Animation Studios;$66,941,559;$66,941,559;Disney +
tt0230011;Cool Runnings;When a Jamaican sprinter is disqualified from the Olympic Games, he enlists the help of a dishonored coach to start the first Jamaican Bobsled Team.;movie;PG;1993;01 Oct 1993;January 1, 2020;100;Adventure;Jon Turteltaub;"Lynn Siefert (story); Michael Ritchie (story); Lynn Siefert (screenplay); Tommy Swerdlow (screenplay); Michael Goldberg (screenplay)";"Leon; Doug E. Doug; Rawle D. Lewis; Malik Yoba";German;USA;2;2;7;88123;Walt Disney Animation Studios;$68,856,263;$155,056,263;Disney +
tt0207972;Black Panther;T'Challa, heir to the hidden but advanced kingdom of Wakanda, must step forward to lead his people into a new future and must confront a challenger from his country's past.;movie;PG-13;2018;16 Feb 2018;March 4, 2020;90;Action;Ryan Coogler;"Ryan Coogler; Joe Robert Cole; Stan Lee (based on the Marvel comics by); Jack Kirby (based on the Marvel Comics by)";"Chadwick Boseman; Michael B. Jordan; Lupita Nyong'o; Danai Gurira";Swahili;USA;11;265;7,3;579293;Marvel;$700,059,566;$1,348,258,224;Disney +
tt1204342;Avatar;A paraplegic Marine dispatched to the moon Pandora on a unique mission becomes torn between following his orders and protecting the world he feels is his home.;movie;PG-13;2009;18 Dec 2009;November 12, 2019;8;Action;James Cameron;James Cameron;"Sam Worthington; Zoe Saldana; Sigourney Weaver; Stephen Lang";Spanish;USA;89;129;7,8;1086714;Walt Disney Animation Studios;$760,507,625;$2,776,345,279;Disney +
tt0120917;Eight Below;Brutal cold forces two Antarctic explorers to leave their team of sled dogs behind as they fend for their survival.;movie;PG;2006;17 Feb 2006;November 12, 2019;121;Adventure;Frank Marshall;"David DiGilio (screenplay); ToshirÃ´ IshidÃ´ (film Nankyoku Monogatari); Koreyoshi Kurahara (film Nankyoku Monogatari); Tatsuo Nogami (film Nankyoku Monogatari); Susumu Saji (film Nankyoku Monogatari)";"Paul Walker; Bruce Greenwood; Moon Bloodgood; Wendy Crewson";English;USA;2;2;7,3;58850;Walt Disney Animation Studios;$81,612,565;$120,455,994;Disney +
tt0492956;Fantasia;A collection of animated interpretations of great works of Western classical music.;movie;G;1940;21 Jul 1941;November 12, 2019;105;Animation;James Algar;"Joe Grant (story direction); Dick Huemer (story direction); Lee Blair (story development); Elmer Plummer (story development); Phil Dike (story development); Sylvia Moberly-Holland (story development); Norman Wright (story development); Albert Heath (story development); Bianca Majolie (story development); Graham Heid (story development); Perce Pearce (story development); Carl Fallberg (story development); William Martin (story development and research); Leo Thiele (story development and research); Robert Sterner (story development and research); John McLeish (story development and research); Otto Englander (story development); Webb Smith (story development); Erdman Penner (story development); Joseph Sabo (story development); Bill Peet (story development); Vernon Stallings (story development); Campbell Grant (story development); Arthur Heinemann (story development); Phil Dike (story development)";"Deems Taylor; Leopold Stokowski; The Philadelphia Orchestra";English;USA;8;1;7,8;84999;Walt Disney Animation Studios;$83,320,000;$83,320,000;Disney +
tt0119137;Atlantis: The Lost Empire;A young adventurer named Milo Thatch joins an intrepid group of explorers to find the mysterious lost continent of Atlantis.;movie;PG;2001;22 Jun 2001;November 12, 2019;87;Animation;Gary Trousdale;"Tab Murphy (screenplay by); Kirk Wise (story by); Gary Trousdale (story by); Joss Whedon (story by); Bryce Zabel (story by); Jackie Zabel (story by); Tab Murphy (story by); David Reynolds (additional screenplay material)";"Corey Burton; Claudia Christian; Michael J. Fox; James Garner";French;USA;2;14;6,9;98258;Walt Disney Animation Studios;$84,052,762;$186,049,020;Disney +
tt0368933;Annie;A little orphan girl catches the attention of a kind man named Mr. Warbucks, who wants to adopt her, but the cruel, strict orphanage owner has a scheme to keep Annie - and her reward money.;movie;UNRATED;1999;07 Nov 1999;November 12, 2019;5;Family;Rob Marshall;"Irene Mecchi (teleplay); Thomas Meehan (book); Martin Charnin (lyrics)";"Kathy Bates; Victor Garber; Alan Cumming; Audra McDonald";English;USA;10;23;6,7;4380;Walt Disney Animation Studios;$85,911,262;$139,829,625;Disney +
tt0141369;Flubber;"An absent-minded professor discovers ""flubber,"" a rubber-like super-bouncy substance.";movie;PG;1997;26 Nov 1997;November 12, 2019;89;Comedy;Les Mayfield;"Samuel W. Taylor (short story ""A Situation of Gravity""); John Hughes (screenplay); Bill Walsh (screenplay)";"Robin Williams; Marcia Gay Harden; Christopher McDonald; Ted Levine";English;USA;3;2;5,3;81512;Walt Disney Animation Studios;$92,993,801;$177,993,801;Disney +